training/actor/actor_anchor_active,training/actor/actor_anchor_loss,training/actor/actor_anchor_loss_scaled,training/actor/actor_data_energy,training/actor/actor_data_energy_sqrt,training/actor/actor_disagree,training/actor/actor_disagree_penalty,training/actor/actor_energy,training/actor/actor_energy_mode_is_residual,training/actor/actor_energy_penalty,training/actor/actor_energy_raw,training/actor/actor_energy_residual,training/actor/actor_energy_residual_ratio,training/actor/actor_energy_sqrt,training/actor/actor_loss,training/actor/bc_flow_loss,training/actor/distill_loss,training/actor/mse,training/actor/q,training/actor/q_geo,training/actor/q_loss,training/critic/bcfm_loss,training/critic/critic_loss,training/critic/dcfm_loss,training/critic/dcfm_loss_raw,training/critic/dcfm_loss_weighted,training/critic/pm/action_candidate_std,training/critic/pm/action_mean,training/critic/pm/action_std,training/critic/pm/base_ess,training/critic/pm/base_weight_entropy,training/critic/pm/base_weight_max,training/critic/pm/base_weight_min,training/critic/pm/corr_y_action,training/critic/pm/cov_y_action,training/critic/pm/disagree_mean,training/critic/pm/disagree_std,training/critic/pm/energy,training/critic/pm/energy_base,training/critic/pm/energy_for_reliability,training/critic/pm/energy_projected,training/critic/pm/energy_raw,training/critic/pm/energy_ref,training/critic/pm/energy_reliability_is_residual,training/critic/pm/energy_residual,training/critic/pm/energy_residual_ratio,training/critic/pm/ess,training/critic/pm/ess_max,training/critic/pm/ess_min,training/critic/pm/ess_penalty,training/critic/pm/field_kernel_scale,training/critic/pm/field_kernel_temp,training/critic/pm/flow_residual_mean,training/critic/pm/flow_residual_std,training/critic/pm/is_kernel,training/critic/pm/kernel_logits_std,training/critic/pm/kernel_sq_dist,training/critic/pm/kernel_sq_dist_max,training/critic/pm/kernel_sq_dist_min,training/critic/pm/kernel_sq_dist_std,training/critic/pm/proj_delta_mean,training/critic/pm/projected_ess,training/critic/pm/projected_target_mean,training/critic/pm/projected_weight_entropy,training/critic/pm/projected_weight_max,training/critic/pm/projected_weight_min,training/critic/pm/raw_target_mean,training/critic/pm/rel_weight,training/critic/pm/rel_weight_max,training/critic/pm/rel_weight_min,training/critic/pm/reliability_ess,training/critic/pm/reliability_mean,training/critic/pm/reliability_penalty,training/critic/pm/reliability_std,training/critic/pm/reliability_weight_max,training/critic/pm/target_vector_field_k_std,training/critic/pm/typicality_mean,training/critic/pm/typicality_std,training/critic/pm/u_num,training/critic/pm/vp_active_frac,training/critic/pm/vp_eta_max,training/critic/pm/vp_eta_mean,training/critic/pm/vp_floor_mean,training/critic/pm/vp_m_final_mean,training/critic/pm/vp_m_rel_mean,training/critic/pm/weight_entropy,training/critic/pm/weight_max,training/critic/pm/weight_min,training/critic/pm/z_pre_k_std,training/critic/q_max,training/critic/q_mean,training/critic/q_min,training/critic/q_std,training/critic/q_std_max,training/critic/q_std_min,training/critic/weight,training/grad/max,training/grad/min,training/grad/norm,training/stable/actor_lr_mult,training/stable/critic_lr_mult,training/stable/enabled,training/stable/sb_weight_logit_clip,training/stable/sb_weight_max,training/stable/sb_weight_uniform_mix,validation/actor/actor_anchor_active,validation/actor/actor_anchor_loss,validation/actor/actor_anchor_loss_scaled,validation/actor/actor_data_energy,validation/actor/actor_data_energy_sqrt,validation/actor/actor_disagree,validation/actor/actor_disagree_penalty,validation/actor/actor_energy,validation/actor/actor_energy_mode_is_residual,validation/actor/actor_energy_penalty,validation/actor/actor_energy_raw,validation/actor/actor_energy_residual,validation/actor/actor_energy_residual_ratio,validation/actor/actor_energy_sqrt,validation/actor/actor_loss,validation/actor/bc_flow_loss,validation/actor/distill_loss,validation/actor/mse,validation/actor/q,validation/actor/q_geo,validation/actor/q_loss,validation/critic/bcfm_loss,validation/critic/critic_loss,validation/critic/dcfm_loss,validation/critic/dcfm_loss_raw,validation/critic/dcfm_loss_weighted,validation/critic/pm/action_candidate_std,validation/critic/pm/action_mean,validation/critic/pm/action_std,validation/critic/pm/base_ess,validation/critic/pm/base_weight_entropy,validation/critic/pm/base_weight_max,validation/critic/pm/base_weight_min,validation/critic/pm/corr_y_action,validation/critic/pm/cov_y_action,validation/critic/pm/disagree_mean,validation/critic/pm/disagree_std,validation/critic/pm/energy,validation/critic/pm/energy_base,validation/critic/pm/energy_for_reliability,validation/critic/pm/energy_projected,validation/critic/pm/energy_raw,validation/critic/pm/energy_ref,validation/critic/pm/energy_reliability_is_residual,validation/critic/pm/energy_residual,validation/critic/pm/energy_residual_ratio,validation/critic/pm/ess,validation/critic/pm/ess_max,validation/critic/pm/ess_min,validation/critic/pm/ess_penalty,validation/critic/pm/field_kernel_scale,validation/critic/pm/field_kernel_temp,validation/critic/pm/flow_residual_mean,validation/critic/pm/flow_residual_std,validation/critic/pm/is_kernel,validation/critic/pm/kernel_logits_std,validation/critic/pm/kernel_sq_dist,validation/critic/pm/kernel_sq_dist_max,validation/critic/pm/kernel_sq_dist_min,validation/critic/pm/kernel_sq_dist_std,validation/critic/pm/proj_delta_mean,validation/critic/pm/projected_ess,validation/critic/pm/projected_target_mean,validation/critic/pm/projected_weight_entropy,validation/critic/pm/projected_weight_max,validation/critic/pm/projected_weight_min,validation/critic/pm/raw_target_mean,validation/critic/pm/rel_weight,validation/critic/pm/rel_weight_max,validation/critic/pm/rel_weight_min,validation/critic/pm/reliability_ess,validation/critic/pm/reliability_mean,validation/critic/pm/reliability_penalty,validation/critic/pm/reliability_std,validation/critic/pm/reliability_weight_max,validation/critic/pm/target_vector_field_k_std,validation/critic/pm/typicality_mean,validation/critic/pm/typicality_std,validation/critic/pm/u_num,validation/critic/pm/vp_active_frac,validation/critic/pm/vp_eta_max,validation/critic/pm/vp_eta_mean,validation/critic/pm/vp_floor_mean,validation/critic/pm/vp_m_final_mean,validation/critic/pm/vp_m_rel_mean,validation/critic/pm/weight_entropy,validation/critic/pm/weight_max,validation/critic/pm/weight_min,validation/critic/pm/z_pre_k_std,validation/critic/q_max,validation/critic/q_mean,validation/critic/q_min,validation/critic/q_std,validation/critic/q_std_max,validation/critic/q_std_min,validation/critic/weight,time/epoch_time,time/total_time,exploration/prev_button_states,exploration/button_states,exploration/prev_qpos,exploration/prev_qvel,exploration/qpos,exploration/qvel,exploration/control,exploration/time,exploration/success,exploration/total.timesteps,exploration/episode.final_reward,exploration/episode.return,exploration/episode.length,exploration/episode.duration,step
0.0,0.20578451,0.0,11089.791,103.673965,2.6652377,0.99999964,11089.791,0.0,1.0,11089.791,0.0,0.0,103.673965,149.34239,0.038920034,0.20603423,0.0016075626,-147.24313,-147.24313,147.24313,0.894361,0.7210245,0.31834096,0.31834096,0.31834096,0.47914392,12251.163,3785.4404,2.7253635,1.0903819,0.6202052,0.0039784336,-0.70057786,-0.06590523,0.1947636,0.64520085,12251.068,12251.067,12251.068,12251.068,12251.068,12251.102,0.0,0.5674795,4.6320816e-05,2.7253652,3.9987395,2.148864,0.50853324,0.0013175034,0.3,3934.887,3714.6653,0.0,1.2748401,0.0013174844,0.18690687,0.0,0.008372076,2.2966415e-06,2.7253652,-77.74237,1.0903838,0.62026787,0.0039856923,-77.742355,1.0,1.0,1.0,2.7253652,82952.36,0.0,296836.03,0.46937963,25.937948,0.9992075,0.0036246981,0.0003249055,0.0,0.0,0.0,0.0,0.0,0.0,1.0903838,0.62026787,0.0039856923,46.166607,-100.6622,-154.6265,-219.64954,0.94872516,2.6649008,0.76747084,0.9192947,17.051025,-26.039177,254.37184,1.0,1.0,0.0,0.0,0.0,0.0,0.0,0.36313316,0.0,14725.651,114.19281,8.057563,0.9999999,14725.651,0.0,1.0,14725.651,0.0,0.0,114.19281,165.89876,1.0183578,0.3573227,0.074115805,-161.30717,-161.30717,161.30717,116.20862,141.84354,89.30307,89.30307,89.30307,0.47928897,16571.807,9215.216,2.5144615,1.0192943,0.6204924,0.0039321617,-0.68701005,-8.454803,101.72625,325.28983,16569.803,16569.8,16569.803,16569.803,16569.803,16569.809,0.0,9.563338,0.0005771546,2.514123,3.9634275,2.149515,0.6278058,0.13739048,0.3,4402.4443,4930.683,0.0,1.4451355,0.13739048,20.183998,3.934838e-08,0.7632964,6.6906214e-06,2.514123,-86.51842,1.0191793,0.6208569,0.0039286437,-86.51841,1.0,1.0,1.0,2.514123,1430582.2,0.0,12653250.0,0.50337684,58.884766,0.94111943,0.11954614,0.038809024,0.0,0.0,0.0,0.0,0.0,0.0,1.0191793,0.6208569,0.0039286437,59.28026,-4.9063,-168.38715,-293.8656,1.9759574,4.927227,0.8611151,0.95706475,0.026317455987930297,657.9364519119263,0.5,0.5,-0.07341753809868509,0.00017139808465211072,-0.07342813725888567,-0.00020093152910764542,-0.2033378571576139,37.59999999999999,0.0,24750.0,-1.0,-846.0,750.0,15.747524738311768,25000
0.0,0.28247052,0.0,10396.669,99.289566,3.2278166,0.99999976,10396.669,0.0,1.0,10396.669,0.0,0.0,99.289566,142.84149,0.027966624,0.28063813,0.0018861749,-140.00714,-140.00714,140.00714,2.4417453,3.0371559,1.9410651,1.9410651,1.9410651,0.4441531,12611.713,6789.788,2.6347136,1.0586398,0.6183612,0.0040508667,-0.7098946,-0.4767989,0.73953193,2.9507565,12611.703,12611.701,12611.703,12611.703,12611.703,12611.619,0.0,1.4293057,0.00011333169,2.634645,3.9931948,2.1505451,0.5645299,0.008620022,0.3,4395.4,4514.711,0.0,1.3784446,0.008620002,2.1141672,2.3283064e-10,0.07973306,2.5881454e-06,2.634645,-72.51929,1.0586176,0.6188126,0.004043134,-72.51929,1.0,1.0,1.0,2.634645,38402.86,0.0,107145.88,0.48866913,41.32768,0.9949174,0.031119905,0.0022570284,0.0,0.0,0.0,0.0,0.0,0.0,1.0586176,0.6188126,0.004043134,49.035767,-99.53389,-153.23428,-262.16406,1.1524718,4.6975565,0.9142883,0.9313723,65.84486,-95.408134,600.05426,1.0,1.0,0.0,0.0,0.0,0.0,0.0,0.36940026,0.0,19781.832,131.87543,18.82819,0.9999999,19781.832,0.0,1.0,19781.832,0.0,0.0,131.87543,184.3176,1.349353,0.33764324,0.12549002,-179.59181,-179.59181,179.59181,751.00836,928.58075,588.4742,588.4742,588.4742,0.46053442,23638.094,14583.122,2.4476037,1.0002087,0.61688375,0.003935202,-0.73145086,-33.518616,467.6562,841.0701,23639.389,23639.387,23639.389,23639.389,23639.389,23638.945,0.0,16.603693,0.00070237403,2.4471474,3.783316,2.1442723,0.6581241,0.2508803,0.3,5928.4272,8171.425,0.0,1.4926717,0.25088036,12.280567,1.8253922e-07,0.77987486,1.7276034e-05,2.4471474,-101.183136,1.0000584,0.6167988,0.003927269,-101.18312,1.0,1.0,1.0,2.4471474,17670518.0,0.0,146933490.0,0.5130342,74.18463,0.8669282,0.18017206,0.06521252,0.0,0.0,0.0,0.0,0.0,0.0,1.0000584,0.6167988,0.003927269,67.81154,-13.655953,-183.9365,-310.81253,2.2355015,7.9864783,0.7600483,0.96017134,0.021479089431762695,1194.9137115478516,0.5,0.5,-0.08303507930544886,-0.0008804434703975706,-0.08302714883222255,0.00021453743154207532,-0.21862623818969038,37.59999999999999,0.0,49500.0,-1.0,-803.0,750.0,15.763036489486694,50000
0.0,0.24187474,0.0,9677.076,94.55545,4.4291897,0.9999998,9677.076,0.0,1.0,9677.076,0.0,0.0,94.55545,135.51416,0.045850407,0.24095838,0.0016745484,-133.05873,-133.05873,133.05873,4.677285,10.180335,8.315708,8.315708,8.315708,0.3965891,11574.449,7496.7036,2.731131,1.0890073,0.61562103,0.0040363343,-0.74150985,-0.6355018,1.0440717,4.341252,11574.629,11574.628,11574.629,11574.629,11574.629,11574.6875,0.0,1.3538762,0.0001169693,2.7310352,3.998997,2.15232,0.51391184,0.009838439,0.3,3500.5706,4353.023,0.0,1.3225878,0.009838415,1.1637357,5.820766e-11,0.063488424,2.944842e-06,2.7310352,-76.40172,1.0889767,0.6155874,0.004027999,-76.40172,1.0,1.0,1.0,2.7310352,41349.637,0.0,150183.06,0.47103953,44.818684,0.9942044,0.0343651,0.0027416323,0.0,0.0,0.0,0.0,0.0,0.0,1.0889767,0.6155874,0.004027999,52.991207,-99.9053,-145.57867,-284.28772,1.128589,2.8590178,0.9280844,0.93153775,156.81516,-220.02467,1307.373,1.0,1.0,0.0,0.0,0.0,0.0,0.0,0.37694916,0.0,24746.635,148.9396,35.297268,1.0,24746.635,0.0,1.0,24746.635,0.0,0.0,148.9396,202.01923,2.441658,0.3678758,0.22899285,-195.8988,-195.8988,195.8988,2183.2358,2901.4683,1955.9094,1955.9094,1955.9094,0.5190807,29339.088,15738.997,2.4355989,1.0010253,0.6196541,0.0039269454,-0.7342668,-84.76956,1748.2246,5943.66,29336.102,29336.09,29336.102,29336.102,29336.102,29335.52,0.0,31.46262,0.0010724881,2.4355304,3.8973267,2.1440215,0.66580904,0.8317822,0.3,6558.3945,8808.359,0.0,1.4725833,0.83178216,105.03497,2.3283064e-08,4.161579,2.9650517e-05,2.4355304,-114.803314,1.0009744,0.61998546,0.0039319824,-114.80329,1.0,1.0,1.0,2.4355304,41072548.0,0.0,380860100.0,0.5222658,74.026955,0.81637985,0.22223808,0.1927478,0.0,0.0,0.0,0.0,0.0,0.0,1.0009744,0.61998546,0.0039319824,77.510414,-53.915176,-202.28384,-316.89972,2.1161177,10.114647,0.23584557,0.95375556,0.022170384683609008,1749.1733458042145,0.5,0.5,-0.21954205650728523,0.0006491194372132204,-0.21950776007130612,0.0006053806810474905,-0.964941410918985,37.59999999999999,0.0,75000.0,-1.0,-761.0,750.0,15.493369817733765,75000
0.0,0.27698144,0.0,7957.504,86.735306,4.3172626,0.9999999,7957.504,0.0,1.0,7957.504,0.0,0.0,86.735306,126.18614,0.041475244,0.27641082,0.0016285226,-123.38056,-123.38056,123.38056,0.3587926,0.3664362,0.20940384,0.20940384,0.20940384,0.41564417,11548.354,7053.9297,2.7664065,1.0954943,0.6178727,0.0039898073,-0.70046884,-0.7671356,1.231357,4.75446,11548.217,11548.217,11548.217,11548.217,11548.217,11548.236,0.0,1.0114142,8.758185e-05,2.7664208,3.9998984,2.1451364,0.50028193,0.00714584,0.3,3942.3586,4538.075,0.0,1.3385437,0.007145795,1.0563446,5.820766e-11,0.05264852,6.2119216e-07,2.7664208,-70.65573,1.0954907,0.61836696,0.003989034,-70.65573,1.0,1.0,1.0,2.7664208,116592.664,0.0,618932.25,0.46372524,44.612534,0.99022233,0.058452487,0.0014548537,0.0,0.0,0.0,0.0,0.0,0.0,1.0954907,0.61836696,0.003989034,51.695034,-99.52121,-145.31218,-300.33725,1.0876034,3.202901,0.9034127,0.9296956,16.94276,-8.213547,117.58934,1.0,1.0,0.0,0.0,0.0,0.0,0.0,0.38635263,0.0,24873.668,147.93782,26.674843,0.9999999,24873.668,0.0,1.0,24873.668,0.0,0.0,147.93782,206.27898,2.6266088,0.39699766,0.26426765,-199.68239,-199.68239,199.68239,1264.1733,1671.1307,1200.7946,1200.7946,1200.7946,0.54385984,29701.566,16824.342,2.4367552,0.99712485,0.6194703,0.004039242,-0.7485823,-162.87482,753.1901,1788.0227,29702.86,29702.846,29702.86,29702.86,29702.86,29702.658,0.0,32.764687,0.0011030819,2.4371614,3.9371338,2.146035,0.66383255,0.9597108,0.3,6181.2715,8172.82,0.0,1.5051404,0.95971084,59.72665,1.3096724e-08,3.7163584,4.580058e-05,2.4371614,-121.163414,0.99715185,0.6196487,0.0040337616,-121.163376,1.0,1.0,1.0,2.4371614,20559562.0,0.0,328293500.0,0.516504,77.96597,0.8052381,0.24202225,0.2838885,0.0,0.0,0.0,0.0,0.0,0.0,0.99715185,0.6196487,0.0040337616,82.65443,-68.81079,-206.47125,-321.88083,2.1576328,11.2894535,0.17197278,0.95433056,0.02088643741607666,2271.334296941757,0.5,0.5,-0.015958710692781965,-0.0020713747705503375,-0.016054438349015817,-0.0017666960231450925,-0.18937564702608548,37.59999999999999,0.0,99750.0,-1.0,-767.0,750.0,15.511885166168213,100000
0.0,0.24932443,0.0,7824.66,85.14014,4.704709,0.9999998,7824.66,0.0,1.0,7824.66,0.0,0.0,85.14014,122.91563,0.040545125,0.24719444,0.0014183989,-120.40314,-120.40314,120.40314,0.35944983,0.6281785,0.4802177,0.4802177,0.4802177,0.37914827,11137.972,8441.703,3.0589845,1.1721877,0.6197413,0.004171947,-0.63575864,-0.27248102,1.761868,8.010808,11137.943,11137.942,11137.943,11137.943,11137.943,11137.857,0.0,0.96661115,8.6785425e-05,3.0588903,3.9999838,2.148229,0.36980525,0.0034385761,0.3,3306.843,4479.392,0.0,1.2254014,0.0034384332,0.35650024,0.0,0.021843763,6.597489e-06,3.0588903,-73.47296,1.1721615,0.6200065,0.004176068,-73.472946,1.0,1.0,1.0,3.0588903,29614234.0,0.0,470112420.0,0.42031938,50.362297,0.996212,0.022330122,0.0015744029,0.0,0.0,0.0,0.0,0.0,0.0,1.1721615,0.6200065,0.004176068,53.51046,-99.100464,-140.5831,-315.2244,1.1212891,3.6993275,0.9419106,0.93075347,11.901121,-24.959103,172.60095,1.0,1.0,0.0,0.0,0.0,0.0,0.0,0.35019994,0.0,27103.824,154.83875,26.39035,1.0,27103.824,0.0,0.99999994,27103.824,0.0,0.0,154.83875,212.45236,3.3556283,0.41926867,0.29545632,-204.90405,-204.90405,204.90405,1976.279,2726.2505,1910.177,1910.177,1910.177,0.559102,33586.195,17383.207,2.4238396,0.9936489,0.6205921,0.003940847,-0.64546967,-149.36823,1759.9377,7781.2793,33578.043,33578.04,33578.043,33578.043,33578.043,33578.195,0.0,31.59508,0.0009409446,2.422654,3.9130473,2.1431398,0.67274827,1.0221753,0.3,7103.6914,9701.354,0.0,1.495081,1.0221753,69.60085,2.3283064e-08,4.1647725,5.405629e-05,2.422654,-127.164276,0.9932822,0.6205342,0.0039331126,-127.164215,1.0,1.0,1.0,2.422654,69939570.0,0.0,652951400.0,0.51769525,78.94346,0.8131627,0.23445942,0.32779175,0.0,0.0,0.0,0.0,0.0,0.0,0.9932822,0.6205342,0.0039331126,83.65904,-74.761,-215.20113,-327.74,2.1787376,8.724937,0.28295624,0.9524779,0.02185583293914795,2817.730137348175,0.5,0.5,-0.20102290984148788,-0.00729753264770457,-0.2014855125549336,-0.007845749596007739,3.3950111983070275,37.59999999999999,0.0,124500.0,-1.0,-766.0,750.0,15.534432411193848,125000
0.0,0.20676759,0.0,7005.5566,81.74939,2.8593054,0.99999964,7005.5566,0.0,1.0000001,7005.5566,0.0,0.0,81.74939,117.98391,0.04771008,0.20412898,0.001030805,-115.89491,-115.89491,115.89491,0.6632006,0.7855272,0.49384356,0.49384356,0.49384356,0.36737022,10061.984,7640.1475,3.2208812,1.2059073,0.6153509,0.0039936453,-0.6037851,-0.1905721,8.673681,100.69747,10061.758,10061.756,10061.758,10061.758,10061.758,10061.753,0.0,0.7753662,7.706071e-05,3.2207885,3.9999218,2.1531634,0.312903,0.003949335,0.3,3206.462,4763.8633,0.0,1.1709204,0.0039490596,0.8228109,0.0,0.034225564,4.692003e-06,3.2207885,-69.95393,1.2058783,0.615071,0.004003603,-69.95393,1.0,1.0,1.0,3.2207885,202555.6,0.0,563235.56,0.3926484,47.059963,0.9970546,0.019097215,0.0010290305,0.0,0.0,0.0,0.0,0.0,0.0,1.2058783,0.615071,0.004003603,46.45913,-99.30745,-133.93602,-311.7615,1.0674262,2.5293322,0.9698067,0.92900825,12.575285,-11.621006,150.49472,1.0,1.0,0.0,0.0,0.0,0.0,0.0,0.39069128,0.0,26928.012,152.52762,25.503986,0.9999999,26928.012,0.0,1.0,26928.012,0.0,0.0,152.52762,211.64825,3.5175598,0.3995439,0.32977843,-204.13525,-204.13525,204.13525,1776.3419,2471.2903,1715.8486,1715.8486,1715.8486,0.5367209,32964.785,18608.678,2.4647052,1.0073487,0.61747265,0.0039082556,-0.7635964,-187.55124,1517.0391,3872.013,32964.84,32964.836,32964.84,32964.84,32964.84,32964.457,0.0,36.704742,0.0011134512,2.4644504,3.901659,2.1487746,0.6485134,1.613382,0.3,7028.91,8882.56,0.0,1.4780967,1.613382,143.2813,4.5634806e-08,7.814542,2.4580397e-05,2.4644504,-115.6867,1.0072396,0.6174671,0.0039003196,-115.686676,1.0,1.0,1.0,2.4644504,1285.73,0.0,6156.446,0.514116,83.42781,0.80215,0.24360792,0.5445343,0.0,0.0,0.0,0.0,0.0,0.0,1.0072396,0.6174671,0.0039003196,77.136475,-44.951996,-209.87418,-316.35425,2.5309825,19.39925,0.62167966,0.9579543,0.020670087184906007,3334.482332468033,0.5,0.5,-0.027025171401868917,-0.006419776132085503,-0.02738748679919521,-0.006708895099541563,-0.256404663390259,37.59999999999999,0.0,150000.0,-1.0,-843.0,750.0,15.747116565704346,150000
0.0,0.15816198,0.0,7441.5537,83.13705,2.7761118,0.9999996,7441.5537,0.0,1.0,7441.5537,0.0,0.0,83.13705,119.5724,0.045715343,0.15702207,0.0009663577,-117.95647,-117.95647,117.95647,0.7469871,0.90942657,0.5857304,0.5857304,0.5857304,0.3463719,10339.521,8842.149,3.2742538,1.2140027,0.62006795,0.004038369,-0.5683699,-0.3804388,1.6579967,9.529257,10339.734,10339.733,10339.734,10339.734,10339.734,10339.674,0.0,0.7038327,6.807067e-05,3.2741408,3.999977,2.1472716,0.29436943,0.004435692,0.3,2960.7427,3928.0415,0.0,1.2028011,0.004435331,1.816054,0.0,0.060040075,3.1478703e-06,3.2741408,-71.22793,1.213971,0.61975974,0.004030082,-71.22792,1.0,1.0,1.0,3.2741408,440420.5,0.0,2289826.8,0.37930968,51.266727,0.9951905,0.032385565,0.0005921663,0.0,0.0,0.0,0.0,0.0,0.0,1.213971,0.61975974,0.004030082,51.721016,-98.682526,-134.37386,-327.23453,1.0792458,3.3007715,1.0001782,0.9293566,29.634243,-31.20538,282.87933,1.0,1.0,0.0,0.0,0.0,0.0,0.0,0.35716963,0.0,29691.465,160.7374,21.642303,0.9999999,29691.465,0.0,1.0,29691.465,0.0,0.0,160.7374,224.2474,4.0150003,0.40827027,0.34954378,-216.1497,-216.1497,216.1497,1385.4056,1571.7808,945.1505,945.1505,945.1505,0.58253324,35974.273,19068.904,2.4637785,1.0031075,0.61956716,0.003919974,-0.7304653,-130.75583,1107.063,2328.491,35974.758,35974.75,35974.758,35974.758,35974.758,35974.266,0.0,33.81184,0.0009398768,2.4630609,3.9593456,2.1458347,0.6527931,1.6780872,0.3,7268.127,8529.43,0.0,1.4925911,1.6780871,312.35556,1.4901161e-08,12.19367,-5.126931e-06,2.4630609,-125.150024,1.0029161,0.6196241,0.0039119394,-125.15002,1.0,1.0,1.0,2.4630609,58943090.0,0.0,664596000.0,0.5105404,83.89796,0.80978906,0.23408426,0.54934245,0.0,0.0,0.0,0.0,0.0,0.0,1.0029161,0.6196241,0.0039119394,85.22746,-95.60703,-222.30835,-329.73724,2.5338025,13.230428,0.642318,0.95726407,0.021589188919067383,3874.2120728492737,0.5,0.5,0.016465947454092494,-0.000170132141461492,0.01644399559412877,-0.00040994360527274405,-0.18491335098621356,37.59999999999999,0.0,174750.0,-1.0,-763.0,750.0,15.455173969268799,175000
0.0,0.16493343,0.0,7079.5547,81.41135,2.270557,0.99999964,7079.5547,0.0,1.0,7079.5547,0.0,0.0,81.41135,117.08701,0.030452227,0.1639109,0.0011887711,-115.41745,-115.41745,115.41745,0.48638767,0.7420052,0.5387701,0.5387701,0.5387701,0.35010168,9503.965,7816.994,3.3928268,1.2415457,0.6136846,0.0039647873,-0.54946804,-0.1265225,11.716761,96.603096,9503.833,9503.831,9503.833,9503.833,9503.833,9503.866,0.0,0.8167863,8.5942826e-05,3.3927677,3.9999619,2.144465,0.24941048,0.0016366735,0.3,3267.6616,4445.664,0.0,1.1508023,0.0016362122,0.12134277,0.0,0.0077342247,2.7492642e-06,3.3927677,-62.578465,1.241525,0.6132272,0.0039603654,-62.578465,1.0,1.0,1.0,3.3927677,503931.25,0.0,1612564.1,0.36165953,47.580616,0.99853903,0.010230885,0.00074446714,0.0,0.0,0.0,0.0,0.0,0.0,1.241525,0.6132272,0.0039603654,46.091473,-99.86205,-129.55826,-304.10388,1.0674999,3.6791677,0.9353906,0.928838,22.859238,-24.93599,184.58759,1.0,1.0,0.0,0.0,0.0,0.0,0.0,0.41573134,0.0,31798.932,165.94702,20.378681,0.9999999,31798.932,0.0,1.0,31798.932,0.0,0.0,165.94702,234.95836,4.864178,0.45791626,0.41457105,-225.51501,-225.51501,225.51501,1126.1577,1367.8584,852.1754,852.1754,852.1754,0.6234396,38224.727,19468.648,2.4551187,1.0013014,0.61863154,0.003900192,-0.6839738,-136.71802,1116.6536,3231.2998,38224.35,38224.34,38224.35,38224.35,38224.35,38223.426,0.0,28.591127,0.000747982,2.4561887,3.7853806,2.1455705,0.6528433,0.86951345,0.3,8866.172,11021.777,0.0,1.521274,0.8695135,57.333893,8.381903e-09,3.8345385,3.9916486e-05,2.4561887,-128.66853,1.0017428,0.6180855,0.0038935777,-128.66849,1.0,1.0,1.0,2.4561887,64858364.0,0.0,731066750.0,0.5129343,85.04227,0.8019247,0.24983414,0.22497763,0.0,0.0,0.0,0.0,0.0,0.0,1.0017428,0.6180855,0.0038935777,82.73347,-81.64929,-234.15596,-332.8274,2.4491017,24.700178,0.56518584,0.9554099,0.021014744501113892,4399.580701112747,0.5,0.5,-0.01899364920837626,-0.0013485105774928609,-0.019068853345272464,-0.0013910652207586446,-0.265936218351779,37.59999999999999,0.0,199500.0,-1.0,-761.0,750.0,15.515854597091675,200000
0.0,0.16929896,0.0,7462.917,82.313614,3.5291386,0.99999964,7462.917,0.0,0.99999994,7462.917,0.0,0.0,82.313614,118.551315,0.06519648,0.16913794,0.0009132173,-116.79474,-116.79474,116.79474,0.6288386,1.180043,0.9262965,0.9262965,0.9262965,0.3452276,10106.307,9436.288,3.4056306,1.2443043,0.6173697,0.004089211,-0.5323256,-0.5190911,2.6598606,18.434393,10106.156,10106.156,10106.156,10106.156,10106.156,10106.031,0.0,1.0868506,0.00010754343,3.4055996,3.9999838,2.1522093,0.24226548,0.0059718527,0.3,3125.7024,4546.193,0.0,1.155499,0.0059713814,1.4061365,0.0,0.057507526,2.7865171e-06,3.4055996,-65.1108,1.2442864,0.6175374,0.0040808385,-65.1108,1.0,1.0,1.0,3.4055996,28676492.0,0.0,449634900.0,0.3574175,53.056915,0.99720746,0.021570845,0.0024480224,0.0,0.0,0.0,0.0,0.0,0.0,1.2442864,0.6175374,0.0040808385,50.30672,-99.75513,-132.14543,-332.4787,1.0626037,2.1383297,0.9525496,0.9289057,26.525688,-18.803562,214.9378,1.0,1.0,0.0,0.0,0.0,0.0,0.0,0.37640753,0.0,26909.365,150.27808,21.887222,1.0,26909.365,0.0,1.0,26909.365,0.0,0.0,150.27808,214.75343,6.3703446,0.3845577,0.4548545,-204.5375,-204.5375,204.5375,1162.0354,1326.0054,798.3577,798.3577,798.3577,0.6347605,33445.57,20643.047,2.468813,1.0060428,0.6200834,0.003943416,-0.7059914,-176.37823,1075.587,2065.6562,33442.312,33442.31,33442.312,33442.312,33442.312,33442.656,0.0,33.6745,0.0010069429,2.4687033,3.9444757,2.1190605,0.6502303,3.2834182,0.3,7241.446,10603.481,0.0,1.4764988,3.2834182,759.43994,1.1269003e-07,34.339855,-4.3797307e-05,2.4687033,-121.34438,1.0059206,0.6203495,0.0039427993,-121.34443,1.0,1.0,1.0,2.4687033,118601064.0,0.0,941840800.0,0.5117117,91.46478,0.8027936,0.24351569,1.5089743,0.0,0.0,0.0,0.0,0.0,0.0,1.0059206,0.6203495,0.0039427993,89.31834,-75.263374,-212.82565,-330.90915,2.5074277,14.997475,0.61208963,0.9568303,0.021455620317459106,4935.971227169037,0.5,0.5,0.007573175231560789,0.00019643957713805075,0.00760171873224877,0.0005329668849341023,-0.23079769025861196,37.59999999999999,0.0,225000.0,-1.0,-761.0,750.0,15.230124950408936,225000
0.0,0.14980753,0.0,7023.616,80.29324,3.8088045,0.9999998,7023.616,0.0,0.9999999,7023.616,0.0,0.0,80.29324,115.56967,0.036037147,0.14984475,0.00087568973,-114.03519,-114.03519,114.03519,1.039585,1.5589691,1.0925906,1.0925906,1.0925906,0.3600441,9588.381,9144.085,3.3781145,1.2378432,0.61666733,0.0039549307,-0.59356076,-0.25526106,9.912471,132.29616,9588.347,9588.346,9588.347,9588.347,9588.347,9588.375,0.0,0.5293963,5.5212466e-05,3.373571,3.9999766,1.6022528,0.25686306,0.001978515,0.3,3270.415,5481.7646,0.0,1.1711218,0.0019780654,0.27049968,0.0,0.014382431,1.6768463e-06,3.373571,-63.05229,1.2362983,0.7758035,0.003946824,-63.05229,1.0,1.0,1.0,3.373571,113438430.0,0.0,1805282200.0,0.36266285,50.870106,0.99521655,0.036720525,0.00037231093,0.0,0.0,0.0,0.0,0.0,0.0,1.2362983,0.7758035,0.003946824,43.626442,-98.74935,-128.74149,-330.89093,1.1595862,9.13654,0.98909044,0.9310688,63.882473,-39.33795,417.10992,1.0,1.0,0.0,0.0,0.0,0.0,0.0,0.38358632,0.0,34005.656,172.8756,32.80589,0.9999999,34005.656,0.0,1.0,34005.656,0.0,0.0,172.8756,244.71191,6.2906733,0.4467276,0.47925732,-233.95396,-233.95396,233.95396,1609.001,1715.3951,963.433,963.433,963.433,0.65101147,41236.324,18852.488,2.451626,1.0028033,0.62039244,0.0039037515,-0.66255474,-167.56572,1389.5846,2497.0432,41234.984,41234.984,41234.984,41234.984,41234.984,41235.477,0.0,31.904062,0.00077371346,2.45051,3.8795686,2.1202714,0.66146004,1.1028588,0.3,8492.914,10522.333,0.0,1.4647187,1.1028588,109.887566,1.3411045e-07,5.8959603,3.9478764e-05,2.45051,-137.26582,1.0023395,0.6205034,0.0039003966,-137.2658,1.0,1.0,1.0,2.45051,90464856.0,0.0,830887300.0,0.5174372,83.048904,0.8324013,0.22356217,0.33753213,0.0,0.0,0.0,0.0,0.0,0.0,1.0023395,0.6205034,0.0039003966,92.21599,-100.47655,-242.92247,-331.9661,2.7238278,31.339748,0.79023427,0.9553982,0.02075186420440674,5454.76785159111,0.5,0.5,-0.14428456558031943,0.0045326880261546505,-0.14393805771988555,0.005462228529787343,12.723678185836755,37.59999999999999,0.0,249750.0,-1.0,-759.0,750.0,15.570794582366943,250000
0.0,0.15219513,0.0,6569.5015,78.542206,2.7014956,0.99999964,6569.5015,0.0,1.0000001,6569.5015,0.0,0.0,78.542206,111.956665,0.03741146,0.15151547,0.0008826025,-110.4041,-110.4041,110.4041,0.48444465,0.4332369,0.21477018,0.21477018,0.21477018,0.33614054,8701.7705,7768.131,3.4768097,1.2628698,0.6104448,0.004143299,-0.5508758,-0.2988835,7.2540994,66.99485,8701.843,8701.842,8701.843,8701.843,8701.843,8701.879,0.0,0.56060374,6.442356e-05,3.476941,3.9999838,2.1495826,0.21154463,0.0019864552,0.3,2954.994,3908.124,0.0,1.0954574,0.0019859173,0.46846938,0.0,0.021122415,1.1161901e-06,3.476941,-59.824615,1.2628783,0.61025935,0.004136576,-59.824615,1.0,1.0,1.0,3.476941,30041408.0,0.0,472376700.0,0.34629402,45.26105,0.9975228,0.026456462,0.0006730116,0.0,0.0,0.0,0.0,0.0,0.0,1.2628783,0.61025935,0.004136576,46.182804,-98.84317,-124.00884,-331.61847,1.0628155,2.8888743,0.9657556,0.9288074,6.8507614,-7.103711,71.51973,1.0,1.0,0.0,0.0,0.0,0.0,0.0,0.40232483,0.0,33969.47,172.26462,39.02136,0.9999999,33969.47,0.0,1.0,33969.47,0.0,0.0,172.26462,241.30957,6.505175,0.45815945,0.50777256,-230.22281,-230.22281,230.22281,1485.9031,1680.7291,1018.18176,1018.18176,1018.18176,0.66285735,40988.367,19296.121,2.4599433,1.0055587,0.6192877,0.003935987,-0.66616464,-151.91022,2422.0776,5824.9854,40988.707,40988.7,40988.707,40988.707,40988.707,40987.64,0.0,27.363863,0.0006675952,2.4580164,3.987978,2.1190605,0.655783,0.96698743,0.3,8719.523,11514.08,0.0,1.4754355,0.9669874,157.16763,6.7288056e-08,6.4561715,5.7138503e-05,2.4580164,-138.62306,1.004924,0.62137836,0.003929471,-138.62302,1.0,1.0,1.0,2.4580164,149389090.0,0.0,1058818240.0,0.5173632,85.58875,0.8379847,0.22587712,0.32029796,0.0,0.0,0.0,0.0,0.0,0.0,1.004924,0.62137836,0.003929471,88.81974,-93.23503,-240.91843,-331.69092,2.4991093,25.709738,0.6386528,0.9542341,0.02176051115989685,5998.7806532382965,0.5,0.5,-0.05053002068032417,-0.0016678499763014669,-0.050627727526580256,-0.0018217662454034498,-0.1880613679457975,37.59999999999999,0.0,274500.0,-1.0,-761.0,750.0,15.53477931022644,275000
0.0,0.088855974,0.0,6221.6123,76.9281,1.7764621,0.99999964,6221.6123,0.0,1.0,6221.6123,0.0,0.0,76.9281,109.60815,0.035044767,0.08801093,0.000735024,-108.69299,-108.69299,108.69299,0.22296908,0.24932154,0.15223902,0.15223902,0.15223902,0.30910093,7931.701,7393.0737,3.5328927,1.2785318,0.6189176,0.0040491037,-0.5443965,-0.06303282,16.102964,224.05835,7931.7554,7931.755,7931.7554,7931.7554,7931.7554,7931.7397,0.0,0.43394834,5.471025e-05,3.5328774,3.9999838,2.1440756,0.18519597,0.0009789765,0.3,2447.3318,3290.2202,0.0,1.0059636,0.0009784256,0.08125753,0.0,0.005584907,3.6209822e-06,3.5328774,-59.92011,1.2785267,0.61843896,0.004041748,-59.920105,1.0,1.0,1.0,3.5328774,58741908.0,0.0,655783550.0,0.33539462,42.262135,0.99858487,0.009844499,0.00043429542,0.0,0.0,0.0,0.0,0.0,0.0,1.2785267,0.61843896,0.004041748,42.542843,-99.11149,-118.64078,-333.9101,1.0564129,2.3267372,1.0032144,0.92845726,5.2508574,-6.477313,58.858414,1.0,1.0,0.0,0.0,0.0,0.0,0.0,0.4174911,0.0,38347.836,184.68794,27.56557,1.0,38347.836,0.0,1.0,38347.836,0.0,0.0,184.68794,262.44623,6.1941237,0.47187552,0.48358536,-251.53336,-251.53336,251.53336,680.0499,789.85266,478.7021,478.7021,478.7021,0.6768659,44271.617,18702.871,2.4702451,1.010584,0.62027544,0.0039003657,-0.5742028,-147.63358,1487.6249,3556.8936,44277.094,44277.098,44277.094,44277.094,44277.094,44277.97,0.0,23.642092,0.0005339576,2.4717445,3.9999838,2.144213,0.64365757,1.4572065,0.3,9475.444,11575.331,0.0,1.4903778,1.4572065,439.31036,0.0,15.704703,1.3340265e-05,2.4717445,-151.69014,1.0108646,0.61994404,0.0038923873,-151.69012,1.0,1.0,1.0,2.4717445,70993820.0,0.0,759297900.0,0.5135062,81.031815,0.8671374,0.21109582,0.28304902,0.0,0.0,0.0,0.0,0.0,0.0,1.0108646,0.61994404,0.0038923873,93.67879,-100.74429,-262.59354,-336.9126,2.0745099,19.087395,0.8855047,0.9503299,0.02079189324378967,6518.578006267548,0.5,0.5,0.04937820961597317,-1.5059036419941535e-06,0.04937818110217996,-6.309231604884226e-08,0.04754361200820296,37.59999999999999,0.0,300000.0,-1.0,-765.0,750.0,15.490959882736206,300000
0.0,0.10441234,0.0,6036.362,76.025894,2.1084445,0.9999995,6036.362,0.0,1.0,6036.362,0.0,0.0,76.025894,108.74602,0.024454897,0.10408612,0.001063465,-107.6807,-107.6807,107.6807,0.35118052,0.3920457,0.24014023,0.24014023,0.24014023,0.33895156,8012.296,7351.0796,3.4055092,1.2516336,0.619752,0.004522002,-0.6599995,-0.10311884,1.0059478,5.7849717,8012.289,8012.2886,8012.289,8012.289,8012.289,8012.291,0.0,0.6001799,7.4907424e-05,3.405463,3.9999838,2.1456695,0.23453057,0.0022641718,0.3,2418.8647,2911.181,0.0,1.0631679,0.0022637881,0.4943204,0.0,0.02137524,5.653128e-07,3.405463,-59.343494,1.2516158,0.6200509,0.00451253,-59.343494,1.0,1.0,1.0,3.405463,56304652.0,0.0,631398600.0,0.36207193,42.192116,0.9989016,0.0069832024,0.0007782546,0.0,0.0,0.0,0.0,0.0,0.0,1.2516158,0.6200509,0.00451253,43.194393,-99.00977,-119.34157,-334.9777,1.047168,1.9767077,0.991366,0.9282322,6.8258824,-6.3805513,70.54512,1.0,1.0,0.0,0.0,0.0,0.0,0.0,0.36718294,0.0,38767.74,185.94292,32.244858,1.0,38767.74,0.0,0.99999994,38767.74,0.0,0.0,185.94292,259.36548,7.7962418,0.4362831,0.51584905,-247.20639,-247.20639,247.20639,1026.7727,1202.4594,722.147,722.147,722.147,0.6929769,45275.875,18189.13,2.4371996,0.997359,0.6206353,0.003901604,-0.58362466,-41.087738,1532.6246,3485.154,45274.2,45274.195,45274.2,45274.2,45274.2,45274.387,0.0,23.660433,0.000522603,2.4370358,3.9999838,2.0742283,0.66701776,0.66531754,0.3,9863.493,11780.365,0.0,1.4902345,0.6653175,60.23599,0.0,3.5593371,-0.000106601045,2.4370358,-148.76556,0.9973313,0.62077135,0.0038936306,-148.76567,1.0,1.0,1.0,2.4370358,229134910.0,0.0,2713319400.0,0.5176576,78.85123,0.86131346,0.20938113,0.1557228,0.0,0.0,0.0,0.0,0.0,0.0,0.9973313,0.62077135,0.0038936306,93.40666,-101.36001,-256.59842,-338.2812,2.744289,67.72964,0.9671357,0.95407176,0.021724711198806763,7061.695806026459,0.5,0.5,-0.0019478736157977636,1.3409492465643298e-07,-0.0019478679457416235,1.04603287660424e-07,0.04825587786989262,37.59999999999999,0.0,324750.0,-1.0,-780.0,750.0,15.548980236053467,325000
0.0,0.09606924,0.0,6153.301,76.31419,1.255671,0.99999917,6153.301,0.0,1.0,6153.301,0.0,0.0,76.31419,108.90885,0.02468733,0.09559112,0.00063199125,-107.92825,-107.92825,107.92825,0.30094373,0.3596856,0.23255467,0.23255467,0.23255467,0.30085102,7987.301,7804.675,3.543019,1.2790899,0.616413,0.0040035928,-0.60090774,-0.058587745,2.908152,24.30181,7987.161,7987.1606,7987.161,7987.161,7987.161,7987.15,0.0,0.33549973,4.2004882e-05,3.5430317,3.9999838,2.1469944,0.18382448,0.00075109024,0.3,2679.1943,3694.4272,0.0,1.0219716,0.0007505367,0.05803191,0.0,0.004442111,2.9676594e-06,3.5430317,-57.67255,1.2790818,0.61654806,0.004013713,-57.67255,1.0,1.0,1.0,3.5430317,81855550.0,0.0,752595900.0,0.3353393,43.64506,0.9991028,0.007334232,0.00016703489,0.0,0.0,0.0,0.0,0.0,0.0,1.2790818,0.61654806,0.004013713,40.23386,-97.58971,-118.71886,-348.3056,1.0353866,1.6760969,0.9950063,0.92765427,11.488363,-6.232399,97.41672,1.0,1.0,0.0,0.0,0.0,0.0,0.0,0.3482444,0.0,35050.312,175.30086,29.591679,0.99999994,35050.312,0.0,1.0,35050.312,0.0,0.0,175.30086,246.77124,6.362333,0.43048507,0.46288452,-236.10406,-236.10406,236.10406,1158.2412,1447.0074,923.4824,923.4824,923.4824,0.65248287,41675.08,20286.977,2.4619246,1.0083858,0.61877495,0.003901028,-0.61671245,-306.10468,1957.745,4685.226,41682.996,41682.99,41682.996,41682.996,41682.996,41682.93,0.0,31.035824,0.000744568,2.4627426,3.8490067,2.1430554,0.649021,2.9575753,0.3,9569.566,11925.625,0.0,1.47164,2.9575748,1124.7285,2.3841858e-07,41.416916,9.3559735e-05,2.4627426,-130.72452,1.0086472,0.6185547,0.0038933337,-130.72443,1.0,1.0,1.0,2.4627426,93801940.0,0.0,861485700.0,0.51231086,89.5976,0.848607,0.22801967,0.58932865,0.0,0.0,0.0,0.0,0.0,0.0,1.0086472,0.6185547,0.0038933337,90.4884,-101.01602,-246.43376,-337.76038,2.51979,26.204454,0.87002885,0.9548099,0.020855387039184572,7583.080500125885,0.5,0.5,-0.0595382557455915,-0.0019859804797065827,-0.0596461808632478,-0.0019965082927153447,-0.2278222006037647,37.59999999999999,0.0,349500.0,-1.0,-760.0,750.0,15.600356817245483,350000
0.0,0.089275196,0.0,5557.74,74.158005,1.5471463,0.9999994,5557.74,0.0,1.0,5557.74,0.0,0.0,74.158005,106.20859,0.037097152,0.088719465,0.0007803645,-105.284294,-105.284294,105.284294,0.41255343,0.31237566,0.12422553,0.12422553,0.12422553,0.3152013,7590.8374,6092.9644,3.4806104,1.2687128,0.6060192,0.004107158,-0.6069225,-0.06955195,1.122818,11.984586,7591.077,7591.077,7591.077,7591.077,7591.077,7591.06,0.0,0.34554297,4.5519624e-05,3.4805472,3.9999833,2.1760335,0.20320746,0.0011810642,0.3,2375.0757,3169.697,0.0,1.0294782,0.001180592,0.16613187,0.0,0.008453216,2.944842e-06,3.4805472,-59.814125,1.2686967,0.606403,0.0040989113,-59.81412,1.0,1.0,1.0,3.4805472,482946.94,0.0,1450638.6,0.34707513,37.879627,0.9986997,0.0078618415,0.00022429695,0.0,0.0,0.0,0.0,0.0,0.0,1.2686967,0.606403,0.0040989113,40.833836,-98.24475,-117.2015,-250.59833,1.0563226,1.9676332,0.99918234,0.92865044,6.6552653,-8.201588,77.57573,1.0,1.0,0.0,0.0,0.0,0.0,0.0,0.3635833,0.0,35800.92,177.69199,30.834871,0.9999999,35800.92,0.0,0.99999994,35800.92,0.0,0.0,177.69199,248.35564,7.27845,0.48031035,0.5592356,-236.27408,-236.27408,236.27408,1398.4637,1706.7874,1069.9043,1069.9043,1069.9043,0.70722264,43109.1,19488.25,2.489718,1.0146109,0.6190608,0.0039039473,-0.5684713,-284.43604,1670.0454,3879.1892,43117.426,43117.414,43117.426,43117.426,43117.426,43118.773,0.0,36.072163,0.0008366029,2.489335,3.9999838,2.0968902,0.63418806,2.4072623,0.3,9058.096,11559.633,0.0,1.5087088,2.4072623,475.9203,0.0,18.750422,6.923359e-05,2.489335,-136.10028,1.0143647,0.61917764,0.0038960483,-136.10022,1.0,1.0,1.0,2.489335,251280540.0,0.0,3527540700.0,0.51104224,84.55533,0.8217849,0.2371697,0.6666458,0.0,0.0,0.0,0.0,0.0,0.0,1.0143647,0.61917764,0.0038960483,94.64926,-58.483887,-246.06839,-335.46277,3.0900424,53.052788,0.9540807,0.95716226,0.02202379373550415,8133.675359964371,0.5,0.5,-0.07768725961320108,-0.0010347075869390153,-0.07774147168435898,-0.0010029434594343034,-0.22524328822340398,37.59999999999999,0.0,375000.0,-1.0,-762.0,750.0,15.565924644470215,375000
0.0,0.092386745,0.0,6080.217,75.87699,2.1527877,0.9999995,6080.217,0.0,0.99999994,6080.217,0.0,0.0,75.87699,108.13962,0.023212438,0.09218586,0.0004573954,-107.19455,-107.19455,107.19455,0.497686,0.6398884,0.4274786,0.4274786,0.4274786,0.295528,7913.4404,8536.403,3.4324775,1.2592759,0.6121331,0.0040611164,-0.6368409,-0.060966954,2.0549595,19.911474,7913.549,7913.549,7913.549,7913.549,7913.549,7913.5225,0.0,0.38505432,4.8657603e-05,3.4323964,3.9999838,2.1703675,0.22144727,0.00118288,0.3,2437.5698,3260.0347,0.0,1.0203985,0.0011824575,0.18329625,0.0,0.009492697,4.5262277e-07,3.4323964,-58.517227,1.2592556,0.6121657,0.0040541687,-58.51722,1.0,1.0,1.0,3.4323964,57675736.0,0.0,646867500.0,0.35522556,44.72118,0.9989152,0.0070082075,0.00024229707,0.0,0.0,0.0,0.0,0.0,0.0,1.2592556,0.6121657,0.0040541687,41.70109,-97.69645,-117.645035,-340.63773,1.044774,1.8572288,0.99599695,0.9281154,9.808703,-7.3076315,99.56914,1.0,1.0,0.0,0.0,0.0,0.0,0.0,0.3909141,0.0,31992.512,165.73447,31.224691,1.0,31992.512,0.0,0.99999994,31992.512,0.0,0.0,165.73447,235.21228,7.192927,0.5462279,0.51843023,-222.55707,-222.55707,222.55707,1133.6392,1470.5173,946.863,946.863,946.863,0.6907986,39452.734,20637.41,2.452473,1.0019946,0.61977214,0.0039114393,-0.6231335,-235.26819,1655.9104,3858.824,39454.133,39454.133,39454.133,39454.133,39454.133,39452.883,0.0,36.597725,0.0009276018,2.4526854,3.9999838,2.1434262,0.6569245,2.9158072,0.3,8431.283,11286.893,0.0,1.5165474,2.9158072,489.31342,0.0,22.945263,8.1826e-06,2.4526854,-134.56041,1.0020043,0.619372,0.0039168703,-134.5604,1.0,1.0,1.0,2.4526854,30330020.0,0.0,483653500.0,0.5178639,89.82748,0.78101885,0.26217338,0.58028305,0.0,0.0,0.0,0.0,0.0,0.0,1.0020043,0.619372,0.0039168703,93.36308,-92.50839,-235.58246,-334.96643,3.3930395,67.29402,1.0011334,0.95770836,0.020850296516418457,8654.932789802551,0.5,0.5,-0.22600726311001257,-0.007237608313445381,-0.22641352725922695,-0.007421797134691763,-0.777448696800571,37.59999999999999,0.0,399750.0,-1.0,-758.0,750.0,15.674121141433716,400000
0.0,0.06822025,0.0,5704.8057,74.4561,1.297664,0.9999992,5704.8057,0.0,1.0,5704.8057,0.0,0.0,74.4561,105.83758,0.02126143,0.06759671,0.00062307867,-105.14035,-105.14035,105.14035,0.4403921,0.4344117,0.24204102,0.24204102,0.24204102,0.30811393,6883.8433,5932.908,3.4564466,1.263411,0.61423385,0.0039905584,-0.6308558,-0.08863985,0.8935718,7.416931,6883.8877,6883.8877,6883.8877,6883.8877,6883.8877,6883.905,0.0,0.29948482,4.3505188e-05,3.4564514,3.9999824,2.149748,0.21045527,0.0012719587,0.3,2235.996,2604.6973,0.0,1.029204,0.0012715431,0.16659865,0.0,0.008835923,2.775807e-06,3.4564514,-55.366352,1.2634091,0.614234,0.0039823796,-55.36635,1.0,1.0,1.0,3.4564514,708142.0,0.0,2990398.8,0.3506418,33.752968,0.9981936,0.012949139,0.00033606967,0.0,0.0,0.0,0.0,0.0,0.0,1.2634091,0.614234,0.0039823796,38.04083,-99.07611,-112.584946,-336.0047,1.0466301,2.0699155,0.99980766,0.9281786,12.41986,-9.716377,86.13187,1.0,1.0,0.0,0.0,0.0,0.0,0.0,0.41519028,0.0,33577.688,171.77219,26.972672,1.0,33577.688,0.0,1.0,33577.688,0.0,0.0,171.77219,241.94174,7.482679,0.54464513,0.5568611,-229.0126,-229.0126,229.0126,1540.8726,1717.4762,1005.1273,1005.1273,1005.1273,0.7049337,42195.723,18542.994,2.4648871,1.0050895,0.6206955,0.0039012951,-0.58786106,-310.99136,2032.9233,5119.3267,42198.176,42198.094,42198.176,42198.176,42198.176,42201.21,0.0,39.463394,0.0009351919,2.464991,3.9701118,2.045965,0.65345705,3.0570748,0.3,8938.275,11521.933,0.0,1.4628879,3.0570748,751.5551,0.0,27.162174,-4.710909e-05,2.464991,-136.17879,1.0049967,0.62070584,0.0038933156,-136.17883,1.0,1.0,1.0,2.464991,114191680.0,0.0,1085327700.0,0.51244247,81.29576,0.82884157,0.23861519,1.3019366,0.0,0.0,0.0,0.0,0.0,0.0,1.0049967,0.62070584,0.0038933156,91.92023,-101.961914,-242.02515,-333.59802,2.7072432,27.334202,0.72679,0.9547795,0.02175572847366333,9198.82606601715,0.5,0.5,-0.061226277120121735,-0.0010494481560468511,-0.06131294337738666,-0.0016343318968753033,-0.15272725561508046,37.59999999999999,0.0,424500.0,-1.0,-758.0,750.0,15.459200143814087,425000
0.0,0.07460246,0.0,5899.8203,75.308685,1.6662749,0.9999994,5899.8203,0.0,1.0,5899.8203,0.0,0.0,75.308685,107.19498,0.04460302,0.073590204,0.0005614769,-106.414474,-106.414474,106.414474,0.12369647,0.15316615,0.09987335,0.09987335,0.09987335,0.2976777,7208.5044,6654.0923,3.5236263,1.2779847,0.608407,0.004599616,-0.61531526,-0.17910618,0.38524228,3.2897527,7208.4316,7208.4316,7208.4316,7208.4316,7208.4316,7208.4126,0.0,0.3392082,4.7057143e-05,3.5235696,3.9999804,2.1610966,0.18790609,0.00097256777,0.3,1898.4736,2632.8877,0.0,0.9771297,0.0009720478,0.28983214,0.0,0.011104692,1.1040829e-06,3.5235696,-62.1893,1.2779698,0.6084752,0.0046106037,-62.189297,1.0,1.0,1.0,3.5235696,334717.8,0.0,876163.44,0.34015757,37.534626,0.9977039,0.029555995,0.00021607589,0.0,0.0,0.0,0.0,0.0,0.0,1.2779698,0.6084752,0.0046106037,38.488777,-97.93533,-114.14693,-321.50583,1.049887,2.2691975,0.97200346,0.92812985,2.8844697,-2.1771667,31.360073,1.0,1.0,0.0,0.0,0.0,0.0,0.0,0.42897138,0.0,31203.992,164.96655,29.649061,1.0000001,31203.992,0.0,1.0,31203.992,0.0,0.0,164.96655,236.56389,7.5425715,0.55043787,0.5286743,-223.51694,-223.51694,223.51694,1097.6427,1600.5828,1103.6953,1103.6953,1103.6953,0.71544236,40285.156,18671.736,2.4974325,1.0187259,0.6205116,0.0039403043,-0.60222924,-1153.4039,2085.6304,4595.5825,40276.688,40276.652,40276.688,40276.688,40276.688,40275.703,0.0,55.536957,0.0013788859,2.4971938,3.9941068,2.148624,0.63283557,6.412549,0.3,8219.056,10395.611,0.0,1.4518436,6.412549,1500.0232,3.7252903e-09,62.98787,0.0002781544,2.4971938,-136.45706,1.0186362,0.6208184,0.0039322274,-136.45679,1.0,1.0,1.0,2.4971938,2784.9785,0.0,22297.674,0.5107328,81.84207,0.7811543,0.26912603,2.1811905,0.0,0.0,0.0,0.0,0.0,0.0,1.0186362,0.6208184,0.0039322274,91.333496,-61.12672,-243.22304,-329.8435,2.9129522,69.69138,0.9928392,0.9555964,0.020650879020690918,9715.098060131073,0.5,0.5,-0.11898425117846927,0.008725814737305175,-0.11851728387380284,0.007866097303183332,1.7739338991485474,37.59999999999999,0.0,450000.0,-1.0,-757.0,750.0,15.416250467300415,450000
0.0,0.08246604,0.0,6037.7544,75.298485,1.3982905,0.9999993,6037.7544,0.0,1.0,6037.7544,0.0,0.0,75.298485,106.94159,0.014679968,0.08111838,0.00045169922,-106.11572,-106.11572,106.11572,0.3356943,0.4227051,0.28011194,0.28011194,0.28011194,0.27941182,7965.467,8671.894,3.3917875,1.2538102,0.60763687,0.00413113,-0.704569,0.0036819205,1.8105358,14.074496,7965.4854,7965.4863,7965.4854,7965.4854,7965.4854,7965.502,0.0,0.35276166,4.4286273e-05,3.391841,3.9999838,2.157001,0.23022437,0.0008790106,0.3,2539.3833,3717.8281,0.0,0.97542924,0.00087870983,0.13138634,0.0,0.007419859,4.5662746e-06,3.391841,-59.10377,1.2538775,0.60818136,0.0041226377,-59.103767,1.0,1.0,1.0,3.391841,59030110.0,0.0,661762400.0,0.36478865,45.818264,0.9984553,0.021043075,0.00024692342,0.0,0.0,0.0,0.0,0.0,0.0,1.2538775,0.60818136,0.0041226377,43.184086,-98.539474,-117.508156,-369.40808,1.0393414,2.3331146,0.9860961,0.9277955,13.031937,-29.073917,131.65356,1.0,1.0,0.0,0.0,0.0,0.0,0.0,0.40806338,0.0,23829.834,141.19644,33.92863,0.9999999,23829.834,0.0,0.99999994,23829.834,0.0,0.0,141.19644,203.69292,8.031609,0.529149,0.6155836,-190.36981,-190.36981,190.36981,1433.8203,1608.9705,926.19714,926.19714,926.19714,0.70999134,34794.625,20106.973,2.4964538,1.0195942,0.62015736,0.003956165,-0.593453,-923.9592,1950.272,3730.506,34780.758,34780.72,34780.758,34780.758,34780.758,34777.375,0.0,72.15114,0.0020744556,2.4956775,3.907958,2.1190605,0.63323134,8.438227,0.3,5910.9834,8322.549,0.0,1.4350469,8.438227,905.77704,3.7252903e-09,48.987408,0.0002777651,2.4956775,-123.82228,1.0194249,0.62016463,0.0039481656,-123.82201,1.0,1.0,1.0,2.4956775,62028040.0,0.0,699535600.0,0.51271224,90.37895,0.7343284,0.27901542,3.2469997,0.0,0.0,0.0,0.0,0.0,0.0,1.0194249,0.62016463,0.0039481656,87.783585,-100.353775,-214.40512,-328.31317,3.9372797,48.33725,0.69704604,0.9631844,0.0215481835269928,10253.802664279938,0.5,0.5,-0.012227489147220529,0.0014669199701264127,-0.012103289211470018,0.002309008448950292,-0.23725931112690837,37.59999999999999,0.0,474750.0,-1.0,-762.0,750.0,15.64097809791565,475000
0.0,0.066806935,0.0,5444.6904,73.388985,0.99036324,0.9999989,5444.6904,0.0,1.0,5444.6904,0.0,0.0,73.388985,104.63818,0.023427153,0.06717561,0.0005298249,-103.943,-103.943,103.943,0.20149851,0.19927162,0.10806675,0.10806675,0.10806675,0.30506587,7746.9873,7263.3765,3.316897,1.2404838,0.6153299,0.0043874127,-0.77495766,-0.10680485,10.970558,79.13752,7746.933,7746.9326,7746.933,7746.933,7746.933,7746.9043,0.0,0.43871155,5.6630357e-05,3.3168666,3.9999762,2.16687,0.25303563,0.0009291669,0.3,2474.5754,3533.7969,0.0,0.99939567,0.0009289583,0.19172682,0.0,0.007861972,4.069414e-06,3.3168666,-58.573784,1.2404808,0.61559963,0.004378442,-58.573784,1.0,1.0,1.0,3.3168666,214188.44,0.0,741588.2,0.377668,42.13588,0.99655914,0.035049688,0.00035400584,0.0,0.0,0.0,0.0,0.0,0.0,1.2404808,0.61559963,0.004378442,41.45769,-98.54028,-117.20161,-282.29755,1.0534544,2.7041833,0.8954028,0.92803824,2.2000535,-2.9622936,36.795864,1.0,1.0,0.0,0.0,0.0,0.0,0.0,0.4298626,0.0,24023.428,141.72964,28.629993,0.99999994,24023.428,0.0,1.0,24023.428,0.0,0.0,141.72964,203.49767,7.071953,0.48457155,0.56811726,-191.58,-191.58,191.58,1345.6025,1604.3296,986.48096,986.48096,986.48096,0.7062277,34028.113,20647.426,2.5243855,1.0245271,0.6197461,0.0038993964,-0.62930095,-1418.7329,2013.6512,3850.2163,34017.113,34017.066,34017.113,34017.113,34017.113,34020.688,0.0,62.554672,0.0018389177,2.5241718,3.9926436,2.1475437,0.6156101,8.41501,0.3,6130.327,8656.018,0.0,1.4752572,8.415011,906.1684,2.3283064e-08,53.484432,0.0005337242,2.5241718,-127.18753,1.0244431,0.6197988,0.0038914187,-127.18701,1.0,1.0,1.0,2.5241718,61057780.0,0.0,688091000.0,0.50148153,93.12581,0.7412354,0.28149268,3.66782,0.0,0.0,0.0,0.0,0.0,0.0,1.0244431,0.6197988,0.0038914187,89.76785,-100.50864,-216.65948,-327.8153,4.055546,95.756165,0.9908669,0.9603647,0.020797304220199583,10773.735287427902,0.5,0.5,0.0856721813856047,5.881427218998486e-07,0.08567215219826131,-3.5337514137645957e-07,0.04578358944171664,37.59999999999999,0.0,499500.0,-1.0,-845.0,750.0,15.793493509292603,500000
0.0,0.06804647,0.0,5651.0215,73.890724,0.8188477,0.99999887,5651.0215,0.0,0.99999994,5651.0215,0.0,0.0,73.890724,104.97033,0.033411626,0.06696093,0.00088847877,-104.26731,-104.26731,104.26731,0.7169126,0.6957629,0.36724427,0.36724427,0.36724427,0.2993379,7171.917,6766.3857,3.5588346,1.2873498,0.61426777,0.0044095586,-0.6567731,-0.05275829,16.311039,153.55765,7171.908,7171.908,7171.908,7171.908,7171.908,7171.9277,0.0,0.35848057,4.9983988e-05,3.5587971,3.9999838,2.146159,0.17189482,0.0010868381,0.3,2077.3323,3323.4792,0.0,0.9297659,0.001086347,0.2545216,0.0,0.010355442,2.6118942e-06,3.5587971,-60.28039,1.2873385,0.6142774,0.0044084224,-60.280388,1.0,1.0,1.0,3.5587971,56562050.0,0.0,634567940.0,0.33420563,38.05503,0.9992801,0.0049631647,0.0002990736,0.0,0.0,0.0,0.0,0.0,0.0,1.2873385,0.6142774,0.0044084224,39.32093,-97.98287,-113.46076,-326.0479,1.0503788,2.797893,1.0061471,0.9281911,7.62869,-5.170858,69.8109,1.0,1.0,0.0,0.0,0.0,0.0,0.0,0.44605285,0.0,25791.951,147.71407,25.486446,0.9999999,25791.951,0.0,0.99999994,25791.951,0.0,0.0,147.71407,209.1509,6.5618815,0.5599846,0.56962126,-196.98917,-196.98917,196.98917,1256.7876,1706.961,1132.8114,1132.8114,1132.8114,0.6922148,37414.04,20276.771,2.4746614,1.0123637,0.6204232,0.00393629,-0.6715208,-1174.8323,1765.3354,3554.0332,37415.547,37415.54,37415.547,37415.547,37415.547,37415.664,0.0,61.990578,0.0016568134,2.474567,3.9999838,2.1466897,0.64495265,9.8936205,0.3,7512.7896,9623.053,0.0,1.4621105,9.893621,1206.2341,0.0,70.58016,-0.0001669852,2.474567,-125.96936,1.0123031,0.6204256,0.0039282194,-125.969536,1.0,1.0,1.0,2.474567,60791230.0,0.0,970730430.0,0.514902,90.94147,0.7758689,0.27834457,2.5076256,0.0,0.0,0.0,0.0,0.0,0.0,1.0123031,0.6204256,0.0039282194,89.68135,-100.00006,-223.26376,-328.96518,3.7832255,125.18343,1.0047846,0.96006346,0.021857651224136354,11320.176590681076,0.5,0.5,-0.02470222019518861,0.002596617135982587,-0.024541367921303257,0.0029803476788845744,-0.255056922595994,37.59999999999999,0.0,525000.0,-1.0,-758.0,750.0,15.581522941589355,525000
0.0,0.080907226,0.0,5631.0757,74.040085,1.0597593,0.9999991,5631.0757,0.0,1.0,5631.0757,0.0,0.0,74.040085,105.72142,0.029467393,0.08204742,0.00087874953,-104.871475,-104.871475,104.871475,0.38530615,0.4562806,0.2925243,0.2925243,0.2925243,0.30701098,7775.041,7350.8154,3.5514028,1.2846246,0.6113054,0.003951882,-0.61271584,-0.043653242,2.0225646,14.5125265,7775.085,7775.0854,7775.085,7775.085,7775.085,7775.074,0.0,0.44109118,5.6731362e-05,3.5513759,3.9999838,2.1471303,0.17592701,0.0018186497,0.3,2612.7146,3876.0195,0.0,0.95611,0.0018181191,0.43528262,0.0,0.02020725,1.3862737e-06,3.5513759,-58.311993,1.284611,0.6115309,0.003943871,-58.31199,1.0,1.0,1.0,3.5513759,28260840.0,0.0,443708000.0,0.33368468,42.222446,0.9995712,0.0025853794,0.00066689565,0.0,0.0,0.0,0.0,0.0,0.0,1.284611,0.6115309,0.003943871,38.13275,-98.64821,-117.56359,-323.2439,1.0681489,4.5731206,0.9997126,0.9286128,4.28576,-10.090018,78.082886,1.0,1.0,0.0,0.0,0.0,0.0,0.0,0.41426,0.0,25281.379,146.00188,28.202332,0.99999994,25281.379,0.0,1.0,25281.379,0.0,0.0,146.00188,212.6867,6.4271865,0.50650936,0.6053413,-201.19443,-201.19443,201.19443,1134.947,1576.9291,1051.4341,1051.4341,1051.4341,0.71320677,34995.1,20349.82,2.4815807,1.0141382,0.6195006,0.0039538927,-0.6587671,-1654.1711,1604.7844,3843.058,34980.297,34980.258,34980.297,34980.297,34980.297,34980.188,0.0,72.66732,0.0020773786,2.4813619,3.900226,2.1427975,0.64201,9.80488,0.3,6442.1455,8511.392,0.0,1.4640036,9.80488,681.8644,3.7252903e-09,49.07321,0.00024354411,2.4813619,-125.29528,1.0140537,0.61952394,0.0039563836,-125.29504,1.0,1.0,1.0,2.4813619,3755.8652,0.0,34442.777,0.5154506,91.255615,0.71321285,0.29072988,3.5847955,0.0,0.0,0.0,0.0,0.0,0.0,1.0140537,0.61952394,0.0039563836,85.60317,-100.180984,-221.47998,-329.02158,3.1372948,27.769745,0.96178705,0.95841604,0.020641488609313963,11836.213825941086,0.5,0.5,-0.04084148031408004,0.000875636533717603,-0.04080138071017485,0.0006103384245959821,-0.3297900439326411,37.59999999999999,0.0,549750.0,-1.0,-769.0,750.0,15.695329666137695,550000
0.0,0.079758584,0.0,5668.883,74.30904,0.9764049,0.999999,5668.883,0.0,1.0,5668.883,0.0,0.0,74.30904,105.81665,0.020970296,0.08023142,0.00035793544,-104.99336,-104.99336,104.99336,0.22389959,0.17342281,0.0721419,0.0721419,0.0721419,0.28547016,6938.992,5578.0283,3.6492982,1.3063012,0.60974705,0.0046344055,-0.6260855,-0.16773658,0.6415752,6.080055,6938.9487,6938.9478,6938.9487,6938.9487,6938.9487,6938.9424,0.0,0.3777128,5.443372e-05,3.64961,3.9999838,2.1495266,0.13575986,0.0011426113,0.3,2540.055,3322.529,0.0,0.8703004,0.0011420131,0.19571605,0.0,0.011236864,2.8102659e-06,3.64961,-52.96798,1.30634,0.61000514,0.004624907,-52.96798,1.0,1.0,1.0,3.64961,59330892.0,0.0,662589440.0,0.31523064,34.404343,0.9983347,0.017328287,0.00071900187,0.0,0.0,0.0,0.0,0.0,0.0,1.30634,0.61000514,0.004624907,36.237293,-97.97251,-112.83984,-271.39142,1.037024,1.8310838,1.0067703,0.92773956,6.8913145,-8.158065,45.396378,1.0,1.0,0.0,0.0,0.0,0.0,0.0,0.40119,0.0,25947.547,148.6383,28.1167,1.0,25947.547,0.0,0.9999999,25947.547,0.0,0.0,148.6383,211.367,5.7467904,0.522024,0.5689015,-200.39998,-200.39998,200.39998,1056.4878,1242.4294,753.13574,753.13574,753.13574,0.69476867,36251.54,20551.299,2.4943886,1.013066,0.6194376,0.003931393,-0.6368468,-1377.7654,2261.5508,5008.194,36232.035,36232.066,36232.035,36232.035,36232.035,36230.008,0.0,71.41472,0.001971038,2.4942641,3.9999838,2.1444628,0.63876545,15.24021,0.3,6970.9185,9221.538,0.0,1.4615239,15.24021,2360.847,0.0,104.47865,0.00028149784,2.4942641,-129.33145,1.012898,0.6193863,0.0039233705,-129.33118,1.0,1.0,1.0,2.4942641,93263330.0,0.0,853884100.0,0.5062493,92.60869,0.71276295,0.2940844,6.07965,0.0,0.0,0.0,0.0,0.0,0.0,1.012898,0.6193863,0.0039233705,91.10604,-101.11148,-224.6985,-325.23312,3.0187078,30.25648,0.9358193,0.9574614,0.02161244281768799,12376.524912595749,0.5,0.5,-0.008117334806139666,-1.4781129045229482e-10,-0.008117334806996581,-5.537435978081686e-12,0.04865955095218461,37.59999999999999,0.0,574500.0,-1.0,-765.0,750.0,15.339534997940063,575000
0.0,0.062841795,0.0,5627.265,73.73804,1.1568514,0.9999992,5627.265,0.0,0.99999994,5627.265,0.0,0.0,73.73804,105.151924,0.03321889,0.06252626,0.00071482616,-104.49345,-104.49345,104.49345,0.274929,0.2643872,0.14299414,0.14299414,0.14299414,0.3095407,7423.869,7447.3496,3.587586,1.2927549,0.61155605,0.0041793496,-0.6850991,-0.12956232,4.405235,52.642532,7423.9863,7423.9863,7423.9863,7423.9863,7423.9863,7424.0,0.0,0.37434268,5.0423405e-05,3.587494,3.9999843,2.1476955,0.16000994,0.0015445661,0.3,2168.066,2803.5427,0.0,0.93577325,0.001544046,0.1521769,0.0,0.011609853,2.514571e-06,3.587494,-58.970642,1.2927363,0.6115696,0.004170669,-58.970642,1.0,1.0,1.0,3.587494,29286564.0,0.0,460748800.0,0.33006382,41.069878,0.9986948,0.009370045,0.0006648648,0.0,0.0,0.0,0.0,0.0,0.0,1.2927363,0.6115696,0.004170669,42.566833,-97.70704,-114.58501,-321.06616,1.037473,1.8432518,0.96829265,0.9276809,5.104991,-10.298004,57.996864,1.0,1.0,0.0,0.0,0.0,0.0,0.0,0.39682674,0.0,26129.824,148.05618,24.929173,0.9999999,26129.824,0.0,0.99999994,26129.824,0.0,0.0,148.05618,211.62883,5.0626807,0.56497,0.5079751,-200.91644,-200.91644,200.91644,1290.0051,1532.3367,923.7361,923.7361,923.7361,0.6595243,36227.395,20122.975,2.4389684,0.9962857,0.6207569,0.0039205877,-0.6297326,-822.43384,1397.498,2606.3064,36225.086,36225.074,36225.086,36225.086,36225.086,36224.16,0.0,51.120766,0.0014111979,2.4389362,3.9999838,2.1428406,0.66488475,5.7655687,0.3,7137.2134,9498.603,0.0,1.4870293,5.7655687,777.944,0.0,36.881405,7.127039e-05,2.4389362,-121.85429,0.996127,0.62102157,0.0039125765,-121.8542,1.0,1.0,1.0,2.4389362,70059810.0,0.0,703386560.0,0.5123776,90.97247,0.7530625,0.27864107,1.7312391,0.0,0.0,0.0,0.0,0.0,0.0,0.996127,0.62102157,0.0039125765,87.91794,-100.9491,-224.23393,-325.7748,3.486479,41.26563,0.914526,0.95783603,0.02073452757835388,12894.88812303543,0.5,0.5,-0.025453157563108966,0.00016567973338736124,-0.02543474483744054,0.00034350797530376906,-0.22649233470543034,37.59999999999999,0.0,600000.0,-1.0,-757.0,750.0,15.579659938812256,600000
0.0,0.0589477,0.0,5319.3706,72.725525,0.6839106,0.99999857,5319.3706,0.0,1.0,5319.3706,0.0,0.0,72.725525,103.64894,0.013664844,0.05901558,0.00083333574,-103.04512,-103.04512,103.04512,0.18695086,0.28494424,0.20801339,0.20801339,0.20801339,0.32081342,6545.974,4735.256,3.6081495,1.2970454,0.6186929,0.004317542,-0.57483673,-0.041516263,1.3246415,15.499512,6546.042,6546.0415,6546.042,6546.042,6546.042,6546.0273,0.0,0.2924287,4.4672597e-05,3.6081822,3.9999838,2.1711812,0.15371116,0.001090993,0.3,2030.2949,2301.99,0.0,0.9177139,0.0010903975,0.16831578,0.0,0.008630542,2.22167e-06,3.6081822,-55.85338,1.2970405,0.61911464,0.0043085823,-55.85338,1.0,1.0,1.0,3.6081822,57094456.0,0.0,635224700.0,0.32367435,29.635626,0.9990404,0.0078091105,0.00034176774,0.0,0.0,0.0,0.0,0.0,0.0,1.2970405,0.61911464,0.0043085823,40.8136,-98.468475,-110.54591,-282.14603,1.0533199,2.2208824,0.9997401,0.92840904,3.2891998,-2.761786,32.20546,1.0,1.0,0.0,0.0,0.0,0.0,0.0,0.4277489,0.0,28165.555,154.74649,29.733746,1.0,28165.555,0.0,1.0,28165.555,0.0,0.0,154.74649,220.81795,5.8293343,0.53296316,0.57931715,-209.65898,-209.65898,209.65898,834.948,1005.3822,611.43665,611.43665,611.43665,0.67870545,35649.5,20803.543,2.4793313,1.0098957,0.620406,0.003899856,-0.6540605,-763.85547,1396.4102,2946.4214,35633.473,35633.47,35633.473,35633.473,35633.473,35629.434,0.0,69.65793,0.0019548454,2.4786584,3.9999838,2.1432283,0.6458532,11.818572,0.3,7810.9688,10443.999,0.0,1.4690795,11.818571,949.3462,0.0,67.24018,0.000113960356,2.4786584,-126.65044,1.0096931,0.62078875,0.0038955794,-126.650314,1.0,1.0,1.0,2.4786584,69569656.0,0.0,787996800.0,0.51242566,94.02233,0.7318274,0.28801942,2.7896755,0.0,0.0,0.0,0.0,0.0,0.0,1.0096931,0.62078875,0.0038955794,93.79234,-102.185684,-230.79987,-326.20163,2.976786,35.070976,0.96467066,0.9551476,0.02175421067237854,13438.743409872055,0.5,0.5,0.07236638202919668,5.5616529050302414e-11,0.07236638204164947,1.688545222791492e-10,0.049692768180805355,37.59999999999999,0.0,624750.0,-1.0,-756.0,750.0,15.632989168167114,625000
0.0,0.07031668,0.0,5496.8047,73.17207,0.8277788,0.9999988,5496.8047,0.0,1.0000001,5496.8047,0.0,0.0,73.17207,104.22689,0.025877038,0.07079262,0.0005329188,-103.49309,-103.49309,103.49309,0.16288838,0.26415193,0.19831032,0.19831032,0.19831032,0.30369216,6848.663,6445.87,3.7158086,1.3198528,0.6193194,0.004421889,-0.5447521,-0.07535819,6.972379,106.33791,6848.5938,6848.5938,6848.5938,6848.5938,6848.5938,6848.5913,0.0,0.26616022,3.8863483e-05,3.7158186,3.9999838,2.157273,0.11504078,0.00094299176,0.3,2127.7715,3037.0557,0.0,0.8349129,0.0009422928,0.1957768,0.0,0.009104819,1.2032688e-06,3.7158186,-57.933258,1.3198462,0.6197536,0.00442947,-57.933258,1.0,1.0,1.0,3.7158186,85686740.0,0.0,778951600.0,0.30433476,35.743694,0.9991907,0.0069675413,0.00025375726,0.0,0.0,0.0,0.0,0.0,0.0,1.3198462,0.6197536,0.00442947,39.181484,-98.1541,-111.54305,-325.66443,1.0357982,2.3951745,0.9901493,0.9275565,7.290768,-3.1349738,50.025036,1.0,1.0,0.0,0.0,0.0,0.0,0.0,0.4240225,0.0,25336.094,145.95181,29.24728,1.0,25336.094,0.0,1.0,25336.094,0.0,0.0,145.95181,209.53496,5.3494196,0.53005356,0.5541844,-198.88501,-198.88501,198.88501,1439.363,1382.1492,709.03705,709.03705,709.03705,0.66638225,34246.24,20749.541,2.5129988,1.026015,0.62065,0.0039154394,-0.6368667,-1001.45404,1294.1101,2349.1418,34262.66,34262.68,34262.66,34262.66,34262.66,34262.867,0.0,93.09259,0.0027170277,2.5101283,3.9987042,1.5740395,0.62901795,19.04523,0.3,7592.0273,9471.658,0.0,1.4427221,19.04523,2149.7292,9.313226e-10,121.9421,0.000418148,2.5101283,-116.21269,1.0248504,0.7828349,0.0039074686,-116.21228,1.0,1.0,1.0,2.5101283,192846880.0,0.0,1248018800.0,0.51511693,93.99017,0.71944916,0.28041714,7.82897,0.0,0.0,0.0,0.0,0.0,0.0,1.0248504,0.7828349,0.0039074686,88.92412,-100.79205,-221.11891,-327.92776,3.5368338,66.62661,0.8303743,0.9587603,0.02055554436683655,13952.632035970688,0.5,0.5,-0.045381468443043575,-0.00034951914446913757,-0.045396338798129106,-0.00025808503902564157,-0.21581901530326356,37.59999999999999,0.0,649500.0,-1.0,-756.0,750.0,15.377189636230469,650000
0.0,0.07263658,0.0,5777.332,74.72345,2.5374756,0.99999976,5777.332,0.0,1.0000001,5777.332,0.0,0.0,74.72345,106.54172,0.032355726,0.072088115,0.00047403388,-105.78848,-105.78848,105.78848,0.8133802,0.6780485,0.3137865,0.3137865,0.3137865,0.2953835,7572.315,6998.671,3.5442104,1.2834605,0.6098987,0.0043270444,-0.6619998,-0.0747616,5.916711,82.81882,7572.3145,7572.3145,7572.3145,7572.3145,7572.3145,7572.3154,0.0,0.32841384,4.3370343e-05,3.544158,3.9999838,2.1488712,0.17802925,0.000850733,0.3,2236.1982,3093.8882,0.0,0.94013083,0.0008502555,0.093090355,0.0,0.006174399,1.9269064e-06,3.544158,-60.564728,1.2834475,0.6104394,0.0043381182,-60.564728,1.0,1.0,1.0,3.544158,19273716.0,0.0,301547360.0,0.33711636,40.77784,0.9981985,0.020843104,0.0002814005,0.0,0.0,0.0,0.0,0.0,0.0,1.2834475,0.6104394,0.0043381182,43.789368,-98.14297,-116.13228,-320.387,1.0355027,1.8988156,0.83340466,0.92766416,9.776908,-12.917116,98.08666,1.0,1.0,0.0,0.0,0.0,0.0,0.0,0.3948364,0.0,32932.32,170.63495,25.756851,0.9999999,32932.32,0.0,1.0,32932.32,0.0,0.0,170.63495,239.30005,5.1593294,0.51652634,0.55020064,-228.97546,-228.97546,228.97546,925.19275,1023.052,597.77905,597.77905,597.77905,0.66812724,39764.07,19234.697,2.4542627,1.0003223,0.6183409,0.0039005007,-0.6571275,-626.53973,1210.2502,2318.8455,39764.28,39764.26,39764.28,39764.28,39764.28,39763.086,0.0,59.495827,0.0014962128,2.4514318,3.9968944,1.6022526,0.65816873,8.616987,0.3,9464.09,11413.254,0.0,1.5296365,8.616987,806.38544,5.820766e-09,58.441826,2.6900321e-05,2.4514318,-130.02596,0.9990589,0.7758035,0.0038925218,-130.02592,1.0,1.0,1.0,2.4514318,125041490.0,0.0,993341600.0,0.5134258,86.26723,0.7543722,0.2755503,4.363491,0.0,0.0,0.0,0.0,0.0,0.0,0.9990589,0.7758035,0.0038925218,89.9384,-101.08702,-250.45,-328.49744,3.0107062,44.395092,0.8933776,0.9552474,0.02187549723625183,14499.519487142563,0.5,0.5,-0.04634336008656614,0.00022417779918850814,-0.046340558941108834,0.00011800766286449334,-0.24053015431547958,37.59999999999999,0.0,675000.0,-1.0,-763.0,750.0,15.600705623626709,675000
0.0,0.047940373,0.0,5389.911,72.69756,0.70510507,0.9999987,5389.911,0.0,1.0,5389.911,0.0,0.0,72.69756,103.367905,0.026867181,0.04799066,0.00023696273,-102.86113,-102.86113,102.86113,0.22619723,0.23428614,0.13499758,0.13499758,0.13499758,0.2919562,7063.127,7300.673,3.7349787,1.3262094,0.611698,0.004037834,-0.52819455,-0.009529016,25.625267,275.203,7063.1953,7063.195,7063.1953,7063.1953,7063.1953,7063.198,0.0,0.1727911,2.4463588e-05,3.7350152,3.9999838,2.1528585,0.10332683,0.00024671492,0.3,2208.3428,3445.7988,0.0,0.77690136,0.00024607516,0.066007815,0.0,0.0025352258,6.160699e-07,3.7350152,-56.792305,1.3262119,0.6119514,0.0040301145,-56.792305,1.0,1.0,1.0,3.7350152,28861702.0,0.0,451639900.0,0.30417213,39.133114,0.99990845,0.0006232475,5.8658272e-05,0.0,0.0,0.0,0.0,0.0,0.0,1.3262119,0.6119514,0.0040301145,38.64162,-98.08424,-112.16675,-335.99817,1.0326121,2.701077,1.0036039,0.9272734,2.7482111,-7.3773956,36.57788,1.0,1.0,0.0,0.0,0.0,0.0,0.0,0.46374664,0.0,27559.637,153.92026,22.718014,1.0,27559.637,0.0,1.0,27559.637,0.0,0.0,153.92026,215.7341,5.6654816,0.5081345,0.58008146,-204.98727,-204.98727,204.98727,912.6132,957.28156,536.0679,536.0679,536.0679,0.66768426,37181.836,19790.186,2.475434,1.0126797,0.61865646,0.003917814,-0.6547011,-489.44058,1490.2898,3198.263,37167.617,37167.605,37167.617,37167.617,37167.617,37167.88,0.0,74.59323,0.0020069415,2.4756963,3.9629927,2.1438313,0.64134955,10.810039,0.3,8692.902,10962.664,0.0,1.4746315,10.8100395,957.51416,5.9604645e-08,56.710537,-1.7400831e-05,2.4756963,-123.16804,1.0127215,0.62137836,0.003910023,-123.16806,1.0,1.0,1.0,2.4756963,61140144.0,0.0,689030660.0,0.51478887,88.83784,0.72495323,0.28597006,3.5609293,0.0,0.0,0.0,0.0,0.0,0.0,1.0127215,0.62137836,0.003910023,90.75974,-101.43579,-234.93526,-327.68478,3.1596794,41.970306,0.99091554,0.9573003,0.020912917985916137,15022.342452049255,0.5,0.5,0.03525900181929199,1.297771086379595e-10,0.03525900183042459,1.4645871325517398e-10,0.04842672248656475,37.59999999999999,0.0,699750.0,-1.0,-757.0,750.0,15.620982885360718,700000
0.0,0.058366846,0.0,5688.5566,73.91721,1.0475065,0.99999905,5688.5566,0.0,1.0,5688.5566,0.0,0.0,73.91721,105.23305,0.018035522,0.057156563,0.0005110056,-104.64345,-104.64345,104.64345,8.746088,5.2600136,0.9642105,0.9642105,0.9642105,0.31007996,7358.1035,7117.928,3.6615877,1.3086164,0.61574733,0.00410966,-0.5617248,2.1885507,4.527318,55.806778,7358.332,7358.331,7358.332,7358.332,7358.332,7358.323,0.0,0.41419333,5.6289024e-05,3.6615589,3.9999838,2.1509547,0.13321538,0.0036071094,0.3,2053.9873,2543.9568,0.0,0.8745592,0.0036065034,0.94567436,0.0,0.040847972,-1.7319806e-05,3.6615589,-58.610542,1.3086058,0.61618865,0.00410118,-58.610558,1.0,1.0,1.0,3.6615589,56904460.0,0.0,635626200.0,0.31592107,40.204235,0.9929058,0.06280701,0.0007796522,0.0,0.0,0.0,0.0,0.0,0.0,1.3086058,0.61618865,0.00410118,43.108124,-98.029526,-113.49876,-319.6567,1.1021944,16.703066,0.9640604,0.9280377,51.51124,-60.48362,333.2375,1.0,1.0,0.0,0.0,0.0,0.0,0.0,0.4608624,0.0,30604.61,162.52563,24.382252,0.9999999,30604.61,0.0,0.99999994,30604.61,0.0,0.0,162.52563,230.50824,5.05042,0.5964492,0.5701053,-219.49333,-219.49333,219.49333,793.088,837.812,465.78333,465.78333,465.78333,0.6712441,39566.4,19621.27,2.481957,1.0096519,0.6198746,0.0039139,-0.69797015,-779.9068,1252.7596,2910.912,39594.89,39594.883,39594.89,39594.89,39594.89,39592.742,0.0,51.808132,0.001308455,2.4825263,3.9217107,2.1431224,0.64340305,6.0341086,0.3,9314.154,11483.103,0.0,1.4825894,6.034109,1518.3114,9.313226e-08,54.948383,-5.7803e-05,2.4825263,-127.17807,1.0097538,0.6200617,0.0039059524,-127.17813,1.0,1.0,1.0,2.4825263,96689770.0,0.0,888032800.0,0.5115529,88.11234,0.74733645,0.2783154,1.2897058,0.0,0.0,0.0,0.0,0.0,0.0,1.0097538,0.6200617,0.0039059524,89.28325,-100.304565,-248.04996,-329.05658,3.114957,55.346786,0.8506174,0.9552977,0.021708739528656006,15565.060958623886,0.5,0.5,-0.004616605008487573,-0.0011119499828840238,-0.004674442635481694,-0.0010410775440402849,-0.2467360601167346,37.59999999999999,0.0,724500.0,-1.0,-764.0,750.0,15.38919997215271,725000
0.0,0.043606043,0.0,5373.1514,72.60362,0.39040285,0.9999974,5373.1514,0.0,1.0,5373.1514,0.0,0.0,72.60362,103.239105,0.03185405,0.042691197,0.00061838777,-102.78034,-102.78034,102.78034,0.1398705,0.18347606,0.12445538,0.12445538,0.12445538,0.29957163,6512.7734,5777.261,3.7042184,1.319536,0.61657846,0.003928438,-0.60417515,-0.023335531,0.120466754,0.6877653,6512.7783,6512.7783,6512.7783,6512.7783,6512.7783,6512.757,0.0,0.20663172,3.1727122e-05,3.7042062,3.999981,2.1578393,0.11411968,0.00068233605,0.3,2183.4854,2717.1765,0.0,0.82460433,0.0006816974,0.12653708,0.0,0.0062348493,1.2507662e-06,3.7042062,-53.86909,1.3195354,0.6168579,0.003938397,-53.86909,1.0,1.0,1.0,3.7042062,842012.25,0.0,2635772.5,0.3086155,32.520466,0.999385,0.0066258986,0.00013728795,0.0,0.0,0.0,0.0,0.0,0.0,1.3195354,0.6168579,0.003938397,33.38993,-98.4144,-109.38913,-321.64093,1.0308717,1.8928803,0.88238174,0.92729574,4.492556,-3.9645624,32.419594,1.0,1.0,0.0,0.0,0.0,0.0,0.0,0.4546894,0.0,28172.664,155.85355,28.218464,1.0,28172.664,0.0,1.0,28172.664,0.0,0.0,155.85355,220.42813,4.7121854,0.55275667,0.56796706,-210.18839,-210.18839,210.18839,921.8466,1194.4202,771.40186,771.40186,771.40186,0.65476936,39889.277,19033.254,2.4434867,1.0000985,0.6197275,0.0040082433,-0.648886,-1208.2974,1790.1941,3366.7507,39895.195,39895.17,39895.195,39895.195,39895.195,39890.418,0.0,73.78157,0.0018493847,2.444758,3.8681219,2.1457663,0.6608537,12.990572,0.3,7726.1504,9381.558,0.0,1.4586207,12.990572,1398.9993,2.3283064e-08,87.194664,-0.0001306776,2.444758,-137.03096,1.0002928,0.61997527,0.004007215,-137.0311,1.0,1.0,1.0,2.444758,32959908.0,0.0,526310660.0,0.51221716,85.50453,0.69376165,0.29883072,3.998404,0.0,0.0,0.0,0.0,0.0,0.0,1.0002928,0.61997527,0.004007215,89.489204,-102.40547,-240.14542,-329.44894,3.15546,74.305756,1.01669,0.9552369,0.02065964855194092,16081.552189350128,0.5,0.5,-0.0008616844251653988,0.0009558452841760457,-0.0008064123819357172,0.0010592073008808274,-0.26393847580192187,37.59999999999999,0.0,750000.0,-1.0,-758.0,750.0,15.440925359725952,750000
0.0,0.04423777,0.0,5363.701,72.67171,0.86714566,0.9999988,5363.701,0.0,1.0000001,5363.701,0.0,0.0,72.67171,103.60644,0.018008387,0.043919917,0.0005321473,-103.14923,-103.14923,103.14923,0.29023,0.39332223,0.27494764,0.27494764,0.27494764,0.2999971,6563.096,5746.1714,3.7213442,1.3223224,0.6010981,0.004130162,-0.42673013,-0.19421162,8.925503,139.98123,6563.283,6563.283,6563.283,6563.283,6563.283,6563.2886,0.0,0.27106687,4.13005e-05,3.7213364,3.9999838,2.149076,0.11066933,0.004083804,0.3,2031.7034,2785.864,0.0,0.8078353,0.004083103,1.8700988,0.0,0.06645416,8.465722e-07,3.7213364,-56.960846,1.3223213,0.6006954,0.004140668,-56.960846,1.0,1.0,1.0,3.7213364,56630590.0,0.0,628381060.0,0.30322057,32.51174,0.99816084,0.026870126,0.0005401841,0.0,0.0,0.0,0.0,0.0,0.0,1.3223213,0.6006954,0.004140668,39.37152,-97.568855,-109.86003,-340.84625,1.0295678,1.9782884,0.91020334,0.9272324,3.7091143,-2.3170676,39.017586,1.0,1.0,0.0,0.0,0.0,0.0,0.0,0.49716493,0.0,24720.105,144.40883,29.821205,0.99999994,24720.105,0.0,1.0,24720.105,0.0,0.0,144.40883,208.77333,4.8835177,0.659043,0.5667044,-197.29938,-197.29938,197.29938,1312.7817,1461.1301,841.97034,841.97034,841.97034,0.6462421,38159.336,19726.994,2.4804006,1.0093975,0.61898285,0.00396692,-0.60282785,-1326.949,1800.0043,3546.544,38171.562,38171.516,38171.562,38171.562,38171.562,38164.305,0.0,88.68787,0.0023234016,2.4797723,3.9790998,2.1015291,0.6466697,11.633055,0.3,7597.7935,9605.088,0.0,1.4607878,11.633054,1528.8856,3.3527613e-08,68.40261,0.00072268024,2.4797723,-129.14757,1.0091784,0.6187707,0.003958777,-129.14684,1.0,1.0,1.0,2.4797723,112873740.0,0.0,1069693900.0,0.5119356,88.92061,0.7161803,0.28794184,4.5193977,0.0,0.0,0.0,0.0,0.0,0.0,1.0091784,0.6187707,0.003958777,93.06591,-100.2007,-230.88477,-330.39792,3.2712512,43.54912,1.0196497,0.95870227,0.02154471263885498,16620.170022010803,0.5,0.5,-0.004008956956665352,-0.002385475683454308,-0.004107363825000005,-0.0019910823235323853,-0.27520457917810087,37.59999999999999,0.0,774750.0,-1.0,-761.0,750.0,15.40962553024292,775000
0.0,0.049302764,0.0,5202.2417,72.078255,0.36373675,0.99999726,5202.2417,0.0,1.0,5202.2417,0.0,0.0,72.078255,102.570114,0.01665659,0.049039394,0.00035526097,-102.063065,-102.063065,102.063065,0.20652562,0.19944602,0.109259784,0.109259784,0.109259784,0.29042104,6447.6523,4886.0254,3.7352867,1.3250277,0.61577725,0.004112619,-0.5079644,-0.05711376,4.3115344,63.055027,6447.679,6447.6787,6447.679,6447.679,6447.679,6447.705,0.0,0.2114321,3.279197e-05,3.735241,3.9999819,2.164184,0.10615824,0.00068547623,0.3,2052.2031,2782.4888,0.0,0.80036753,0.00068474107,0.19028637,0.0,0.0077806776,5.578622e-07,3.735241,-55.792145,1.3250148,0.61577684,0.0041042212,-55.792145,1.0,1.0,1.0,3.735241,925738.9,0.0,2733366.5,0.30151886,29.852785,0.9995676,0.0036932293,0.00019491656,0.0,0.0,0.0,0.0,0.0,0.0,1.3250148,0.61577684,0.0041042212,36.729885,-98.4048,-109.522736,-278.62958,1.0316087,1.6587672,1.0041084,0.9274728,6.38685,-2.0978465,33.03791,1.0,1.0,0.0,0.0,0.0,0.0,0.0,0.44106418,0.0,24258.312,142.65848,24.402943,1.0,24258.312,0.0,1.0,24258.312,0.0,0.0,142.65848,203.09291,4.409068,0.63730246,0.5101148,-192.31082,-192.31082,192.31082,1468.0629,1749.6174,1069.5852,1069.5852,1069.5852,0.62823164,34530.28,20844.098,2.420928,0.99331635,0.61973935,0.0039058733,-0.67841744,-948.92883,1588.7325,4095.5593,34552.54,34552.46,34552.54,34552.54,34552.54,34550.953,0.0,68.54354,0.0019837483,2.4198809,3.9529254,2.0732334,0.675478,15.26625,0.3,7053.2607,9269.087,0.0,1.5073284,15.266252,4573.7827,1.3096724e-08,164.32014,-0.00029309047,2.4198809,-117.76195,0.9922662,0.62137836,0.003910648,-117.76224,1.0,1.0,1.0,2.4198809,261932430.0,0.0,2806741800.0,0.5216924,94.68018,0.70085645,0.30025953,3.1146448,0.0,0.0,0.0,0.0,0.0,0.0,0.9922662,0.62137836,0.003910648,83.7795,-100.53838,-221.37619,-330.53833,3.189234,37.028534,1.0117539,0.9577,0.020445567865371703,17131.309235572815,0.5,0.5,0.08311184063648852,1.242626278333002e-08,0.08311184116549943,9.7674720486737e-09,0.05009847811592115,37.59999999999999,0.0,799500.0,-1.0,-759.0,750.0,15.322437524795532,800000
0.0,0.052371122,0.0,5341.3457,72.68762,0.58321494,0.9999983,5341.3457,0.0,1.0,5341.3457,0.0,0.0,72.68762,103.21953,0.033430938,0.05088779,0.0004735717,-102.677216,-102.677216,102.677216,0.42147058,0.29426497,0.09639337,0.09639337,0.09639337,0.3152301,6679.2676,5346.3667,3.6740086,1.3117187,0.609079,0.0044790637,-0.5254356,-0.016261559,0.51256406,3.982533,6679.2236,6679.2236,6679.2236,6679.2236,6679.2236,6679.2075,0.0,0.4059209,6.0773666e-05,3.6739678,3.9999819,2.1900582,0.13113031,0.0021954384,0.3,2018.83,2502.2683,0.0,0.8580038,0.0021947604,0.4379848,0.0,0.026581442,7.911585e-07,3.6739678,-57.119797,1.3117082,0.6094291,0.004490383,-57.119797,1.0,1.0,1.0,3.6739678,768719.94,0.0,2194846.2,0.3128239,32.35066,0.99776864,0.02334849,0.0017260636,0.0,0.0,0.0,0.0,0.0,0.0,1.3117082,0.6094291,0.004490383,39.805332,-97.78825,-110.96787,-299.01117,1.0603948,5.2650523,0.92096674,0.9280996,3.8327632,-3.7851105,33.843727,1.0,1.0,0.0,0.0,0.0,0.0,0.0,0.45605108,0.0,28693.566,155.36398,17.782818,1.0,28693.566,0.0,1.0,28693.566,0.0,0.0,155.36398,222.76167,4.5720305,0.6753308,0.54235977,-211.43634,-211.43634,211.43634,1417.8984,1380.2072,720.0967,720.0967,720.0967,0.665177,38450.938,20340.873,2.4391832,1.0018903,0.61905116,0.003917865,-0.6043043,-684.9689,658.98645,1698.0172,38442.555,38442.53,38442.555,38442.555,38442.555,38444.04,0.0,57.49668,0.0014956519,2.4377687,3.8255627,2.120675,0.6635732,7.6131215,0.3,7434.7373,10177.661,0.0,1.4859425,7.6131215,731.0944,4.5634806e-08,40.721004,6.945245e-05,2.4377687,-134.68643,1.0013254,0.6213784,0.003909843,-134.68637,1.0,1.0,1.0,2.4377687,157665100.0,0.0,1117648500.0,0.52234507,92.08191,0.7304858,0.29647073,1.8101069,0.0,0.0,0.0,0.0,0.0,0.0,1.0013254,0.6213784,0.003909843,88.81512,-101.6338,-236.0096,-330.90436,3.4625716,39.253,1.0092332,0.9533299,0.021788200359344482,17676.014263629913,0.5,0.5,-0.09639839232326253,-0.00019074832700014378,-0.09636330820753077,0.0006593146419265162,-0.2816723905167232,37.59999999999999,0.0,825000.0,-1.0,-760.0,750.0,15.654452085494995,825000
0.0,0.035036482,0.0,5405.4854,72.68599,0.3872579,0.9999974,5405.4854,0.0,0.99999994,5405.4854,0.0,0.0,72.68599,103.14649,0.012020036,0.035137407,0.0003524583,-102.7831,-102.7831,102.7831,0.055274434,0.08042143,0.058221307,0.058221307,0.058221307,0.3046442,6159.4004,5220.5405,3.7778442,1.3334864,0.61340696,0.00447183,-0.45756572,-0.0066980524,1.2285053,18.792057,6159.4497,6159.4497,6159.4497,6159.4497,6159.4497,6159.4453,0.0,0.08882618,1.4421123e-05,3.777782,3.9999838,2.1465006,0.09131207,0.000107778236,0.3,2033.5381,2058.877,0.0,0.72382617,0.00010701166,0.020871643,0.0,0.000861113,4.977919e-07,3.777782,-51.74198,1.3334715,0.61339676,0.004476216,-51.74198,1.0,1.0,1.0,3.777782,28035704.0,0.0,431671840.0,0.29298517,28.78634,0.9997507,0.0037767529,1.8409695e-05,0.0,0.0,0.0,0.0,0.0,0.0,1.3334715,0.61339676,0.004476216,38.2371,-98.451385,-107.215,-333.97913,1.0156813,1.6776583,0.9022559,0.9265342,0.98640686,-1.1232964,13.559168,1.0,1.0,0.0,0.0,0.0,0.0,0.0,0.5283805,0.0,34651.83,175.33597,20.764202,0.9999999,34651.83,0.0,1.0,34651.83,0.0,0.0,175.33597,248.32674,4.561338,0.6464282,0.55842,-237.30112,-237.30112,237.30112,1083.1995,1093.4316,586.3968,586.3968,586.3968,0.65201473,43712.85,16876.904,2.4636934,1.0074376,0.6206733,0.003909713,-0.6172384,-907.3909,1464.5302,3721.8486,43710.758,43710.75,43710.758,43710.758,43710.758,43705.082,0.0,80.79069,0.0018483021,2.463667,3.9990356,2.1190605,0.65388787,9.1296215,0.3,10735.289,12446.887,0.0,1.4368956,9.1296215,1470.0278,1.4901161e-08,68.32045,0.00012832694,2.463667,-141.0289,1.0074183,0.6210509,0.003918828,-141.02878,1.0,1.0,1.0,2.463667,97842240.0,0.0,899490700.0,0.5149229,75.25178,0.74580234,0.28119603,3.7456412,0.0,0.0,0.0,0.0,0.0,0.0,1.0074183,0.6210509,0.003918828,92.41202,-101.909424,-263.35156,-332.5349,2.7677042,20.235714,1.0084656,0.95222384,0.020692738361358643,18193.332738161087,0.5,0.5,-0.008789254170099969,-0.0036448793824625536,-0.009021954542052645,-0.004324798031976878,-0.29852108214290496,37.59999999999999,0.0,849750.0,-1.0,-758.0,750.0,15.507365226745605,850000
0.0,0.038711097,0.0,5258.4043,72.333,0.8766009,0.9999988,5258.4043,0.0,0.99999994,5258.4043,0.0,0.0,72.333,102.90879,0.024016252,0.03936129,0.0005287751,-102.491165,-102.491165,102.491165,0.1866776,0.13542874,0.04947026,0.04947026,0.04947026,0.3036024,6429.657,5094.913,3.7370582,1.3255386,0.6066622,0.0044415854,-0.48716557,-0.038450215,0.34351134,2.203484,6429.709,6429.709,6429.709,6429.709,6429.709,6429.715,0.0,0.28180152,4.3828037e-05,3.7370243,3.9999838,2.1578453,0.106737,0.0011997585,0.3,2436.7974,3534.604,0.0,0.7746284,0.0011990384,0.31044364,0.0,0.013582242,9.108335e-07,3.7370243,-50.923737,1.3255279,0.6068664,0.004452414,-50.923737,1.0,1.0,1.0,3.7370243,48087700.0,0.0,539232960.0,0.30164433,30.519869,0.9996321,0.003911707,0.00045725104,0.0,0.0,0.0,0.0,0.0,0.0,1.3255279,0.6068664,0.004452414,34.764217,-97.705475,-109.11859,-270.56415,1.0311122,2.2728133,0.97486186,0.9272879,0.8460218,-0.8681042,16.26878,1.0,1.0,0.0,0.0,0.0,0.0,0.0,0.46840176,0.0,26753.863,149.74417,22.904606,0.9999999,26753.863,0.0,1.0,26753.863,0.0,0.0,149.74417,214.76662,4.7242312,0.60454255,0.55056006,-203.99696,-203.99696,203.99696,832.14264,1251.2372,868.73413,868.73413,868.73413,0.6379026,36566.75,20007.033,2.444909,0.9979006,0.6192532,0.0039372984,-0.63909703,-1958.8362,1422.7312,3306.8284,36583.043,36583.004,36583.043,36583.043,36583.043,36587.598,0.0,86.424164,0.0023624105,2.4413354,3.8707142,1.5740395,0.6673777,13.392057,0.3,9137.659,11801.372,0.0,1.4967265,13.392056,820.03546,2.0954758e-07,64.18834,0.00013305992,2.4413354,-116.074104,0.9965892,0.7828349,0.0039400044,-116.073975,1.0,1.0,1.0,2.4413354,101729680.0,0.0,1186625200.0,0.5165349,91.063484,0.71792746,0.29703972,5.562934,0.0,0.0,0.0,0.0,0.0,0.0,0.9965892,0.7828349,0.0039400044,88.83527,-100.814255,-231.73254,-328.24567,3.2871675,47.139538,0.92677206,0.95443964,0.02158431558609009,18732.94064760208,0.5,0.5,-0.07448016255250497,-0.0018518151462677962,-0.07458631827285575,-0.00163017525538343,-0.2522681375621528,37.59999999999999,0.0,874500.0,-1.0,-761.0,750.0,15.283977270126343,875000
0.0,0.045460798,0.0,5190.004,71.9883,0.58364856,0.99999833,5190.004,0.0,1.0,5190.004,0.0,0.0,71.9883,102.461174,0.014469554,0.045039795,0.0003764289,-101.99631,-101.99631,101.99631,0.08182227,0.09764384,0.063537054,0.063537054,0.063537054,0.2885474,6356.8154,4843.11,3.7182703,1.3239042,0.6202477,0.0041205087,-0.52434206,-0.08116639,1.4175661,14.988095,6356.828,6356.828,6356.828,6356.828,6356.828,6356.8115,0.0,0.3154928,4.963054e-05,3.718256,3.9999838,2.1892843,0.10639781,0.0012795564,0.3,1819.4265,2149.105,0.0,0.807205,0.0012788891,0.5142791,0.0,0.021022977,1.469627e-06,3.718256,-57.22724,1.3238988,0.6207151,0.0041127894,-57.22724,1.0,1.0,1.0,3.718256,28952672.0,0.0,452472600.0,0.3049026,29.35024,0.99964523,0.0027939843,0.000548541,0.0,0.0,0.0,0.0,0.0,0.0,1.3238988,0.6207151,0.0041127894,37.59191,-97.867294,-108.88293,-288.43494,1.0235127,1.5897859,0.9470978,0.9270185,2.1740005,-1.4047247,21.819027,1.0,1.0,0.0,0.0,0.0,0.0,0.0,0.46493244,0.0,32009.098,166.8759,20.673992,0.9999999,32009.098,0.0,0.9999999,32009.098,0.0,0.0,166.8759,236.29944,5.2122536,0.76945496,0.5744483,-223.39264,-223.39264,223.39264,551.8497,609.2993,350.69553,350.69553,350.69553,0.675543,41348.67,18762.969,2.4501672,1.003259,0.61996716,0.003954403,-0.67566514,-1444.0361,1500.4004,3932.0874,41380.69,41380.67,41380.69,41380.69,41380.69,41386.11,0.0,60.427677,0.0014602868,2.4494758,3.9884644,2.1508305,0.65925574,10.078336,0.3,9039.646,11056.197,0.0,1.4780773,10.078337,1130.6755,3.7252903e-09,69.313385,0.00052696466,2.4494758,-136.43448,1.0030828,0.62005633,0.0039462987,-136.43396,1.0,1.0,1.0,2.4494758,30547770.0,0.0,487801440.0,0.51887584,84.350075,0.75692666,0.27059954,2.3702898,0.0,0.0,0.0,0.0,0.0,0.0,1.0030828,0.62005633,0.0039462987,88.72177,-101.52324,-251.8532,-329.64532,2.4554772,42.862335,0.9847386,0.95160294,0.02066295066833496,19249.51443195343,0.5,0.5,-0.005219512079401027,-0.0005989966363708528,-0.005239438007514188,-0.0003657657931747504,-0.26525969375778896,37.59999999999999,0.0,900000.0,-1.0,-759.0,750.0,15.444369316101074,900000
0.0,0.042875405,0.0,5242.9995,72.28662,0.62689906,0.99999845,5242.9995,0.0,1.0,5242.9995,0.0,0.0,72.28662,102.82941,0.009001952,0.04220752,0.00039970392,-102.39833,-102.39833,102.39833,0.21867947,0.18050042,0.0818591,0.0818591,0.0818591,0.31470284,6141.675,3997.6318,3.7357407,1.3243074,0.6173952,0.003965066,-0.4540084,-0.094973765,4.438981,65.706535,6141.666,6141.6655,6141.666,6141.666,6141.666,6141.6826,0.0,0.19348152,3.15031e-05,3.7357366,3.9999838,2.192475,0.10657574,0.0008645959,0.3,1956.332,2504.053,0.0,0.80058885,0.0008638612,0.22799255,0.0,0.008599126,8.768402e-07,3.7357366,-55.690403,1.3243022,0.617355,0.003960431,-55.690407,1.0,1.0,1.0,3.7357366,55197850.0,0.0,611889900.0,0.29978806,25.630056,0.99814594,0.022247298,0.00026856217,0.0,0.0,0.0,0.0,0.0,0.0,1.3243022,0.617355,0.003960431,34.741505,-98.06381,-107.912544,-233.15271,1.034945,1.8215756,0.95381117,0.92740244,1.9693744,-3.7732856,25.706078,1.0,1.0,0.0,0.0,0.0,0.0,0.0,0.4252966,0.0,22714.832,137.01253,26.661442,0.9999998,22714.832,0.0,1.0,22714.832,0.0,0.0,137.01253,197.75935,4.250009,0.7365789,0.52148545,-186.14355,-186.14355,186.14355,1080.1641,1469.1869,973.0981,973.0981,973.0981,0.6677501,35646.887,21280.617,2.4617405,1.0070205,0.619152,0.0038993717,-0.6931821,-935.0498,1832.3121,3641.3777,35651.23,35651.207,35651.23,35651.23,35651.23,35648.598,0.0,59.53502,0.0016699289,2.462178,3.8809333,2.1501172,0.65083694,6.512233,0.3,7324.4697,10160.095,0.0,1.4697416,6.5122323,901.8393,9.837095e-09,43.187515,7.307995e-05,2.462178,-118.70413,1.0070761,0.61939245,0.0039093154,-118.704056,1.0,1.0,1.0,2.462178,64170564.0,0.0,724634100.0,0.5138515,96.73169,0.71805227,0.28910875,1.7023501,0.0,0.0,0.0,0.0,0.0,0.0,1.0070761,0.61939245,0.0039093154,90.74053,-100.24026,-216.22253,-328.6725,3.053081,39.460934,0.9445685,0.95561033,0.021735304288864134,19792.897063732147,0.5,0.5,-0.02770597536232227,0.0014469455371825188,-0.027626116887844568,0.001477888602939413,-0.3161489828724683,37.59999999999999,0.0,924750.0,-1.0,-760.0,750.0,15.143263578414917,925000
0.0,0.047823578,0.0,5440.327,72.996376,0.6004337,0.99999833,5440.327,0.0,1.0,5440.327,0.0,0.0,72.996376,104.02458,0.016680555,0.048420507,0.00033084798,-103.5237,-103.5237,103.5237,0.27968273,0.3381136,0.21772397,0.21772397,0.21772397,0.30900675,6580.037,6297.8037,3.714075,1.3220481,0.6165729,0.0039365585,-0.4893554,-0.33747387,0.27477878,1.9895406,6580.0645,6580.0645,6580.0645,6580.0645,6580.0645,6580.0693,0.0,0.27062345,4.112778e-05,3.714257,3.9999838,2.185833,0.109969765,0.0037902677,0.3,2000.455,2136.017,0.0,0.80291826,0.0037896056,1.5826681,0.0,0.05755375,8.9546666e-07,3.714257,-54.84827,1.3220637,0.61674595,0.0039294,-54.848267,1.0,1.0,1.0,3.714257,87380620.0,0.0,793611400.0,0.30503243,33.97805,0.997333,0.031168332,0.00057228375,0.0,0.0,0.0,0.0,0.0,0.0,1.3220637,0.61674595,0.0039294,39.769115,-97.717,-109.71631,-333.6173,1.0251927,2.0917492,0.9262306,0.92693484,4.8629065,-9.7048235,65.22928,1.0,1.0,0.0,0.0,0.0,0.0,0.0,0.4929037,0.0,23156.266,140.4639,37.255173,1.0,23156.266,0.0,1.0000001,23156.266,0.0,0.0,140.4639,206.17966,4.329194,0.7809173,0.5631197,-194.04129,-194.04129,194.04129,1201.683,1631.4575,1088.4268,1088.4268,1088.4268,0.6805236,37914.02,19770.133,2.4730513,1.0058198,0.62061036,0.0039010937,-0.6934142,-2172.3042,2245.2305,4083.3345,37919.16,37919.133,37919.16,37919.16,37919.16,37916.78,0.0,100.338135,0.0026461065,2.4726145,3.9882197,2.142515,0.65053076,23.46313,0.3,7376.1665,9275.643,0.0,1.4811974,23.46313,2505.8308,0.0,146.19,-0.00010378845,2.4726145,-128.3667,1.005667,0.6241735,0.0038938203,-128.36679,1.0,1.0,1.0,2.4726145,30538742.0,0.0,487659650.0,0.51173687,88.785866,0.6873857,0.28808045,7.868133,0.0,0.0,0.0,0.0,0.0,0.0,1.005667,0.6241735,0.0038938203,87.41801,-100.07553,-232.6643,-330.09927,3.3277068,63.845776,0.9676461,0.957873,0.020529312868118287,20306.129902362823,0.5,0.5,-0.030597655814983745,-0.0007681574636434085,-0.030683394942470476,-0.0015967709805084686,-0.37095112364014804,37.59999999999999,0.0,949500.0,-1.0,-760.0,750.0,15.572124004364014,950000
0.0,0.03287641,0.0,5431.662,72.82677,0.8971442,0.9999988,5431.662,0.0,1.0,5431.662,0.0,0.0,72.82677,103.46542,0.02481307,0.032260414,0.00030003578,-103.118004,-103.118004,103.118004,0.15913528,0.17069583,0.10279079,0.10279079,0.10279079,0.28292874,6145.912,5367.0366,3.7981653,1.3390553,0.58739406,0.005827274,-0.43967247,0.08946437,22.582048,323.98196,6145.9287,6145.928,6145.9287,6145.9287,6145.9287,6145.919,0.0,0.20922574,3.4042983e-05,3.798243,3.9999838,2.1538258,0.08070317,0.00093318033,0.3,2139.7,3305.2844,0.0,0.6930816,0.00093239977,0.24957293,0.0,0.009505306,1.0859221e-06,3.798243,-53.135452,1.3390613,0.5874123,0.0058282325,-53.135452,1.0,1.0,1.0,3.798243,84555040.0,0.0,767362370.0,0.2882669,29.018478,0.9977131,0.03379136,0.00016334157,0.0,0.0,0.0,0.0,0.0,0.0,1.3390613,0.5874123,0.0058282325,33.46209,-98.1598,-107.11457,-333.8803,1.0303452,2.897769,0.97686386,0.92720234,5.051996,-3.500318,31.49367,1.0,1.0,0.0,0.0,0.0,0.0,0.0,0.4843495,0.0,23613.793,141.5346,33.056282,1.0,23613.793,0.0,0.99999994,23613.793,0.0,0.0,141.5346,206.82991,4.1071086,0.7602276,0.57625085,-195.12053,-195.12053,195.12053,1006.5851,1427.8467,957.0174,957.0174,957.0174,0.68354857,37251.652,20115.332,2.4832606,1.0146244,0.6182789,0.003905563,-0.7589059,-2661.7112,1367.6443,2707.1748,37282.035,37282.008,37282.035,37282.035,37282.035,37278.5,0.0,140.08463,0.0037574298,2.482862,3.6500967,2.135515,0.63555837,22.58941,0.3,7278.635,10088.084,0.0,1.4632396,22.58941,1035.2347,9.241048e-07,98.455956,6.723218e-05,2.482862,-129.67426,1.0144312,0.6182693,0.003897574,-129.6742,1.0,1.0,1.0,2.482862,29971278.0,0.0,478584600.0,0.5088295,90.140175,0.66474575,0.29325372,11.637653,0.0,0.0,0.0,0.0,0.0,0.0,1.0144312,0.6182693,0.003897574,92.30271,-100.56218,-228.1075,-331.22733,3.2164977,65.22472,1.0017277,0.95748496,0.02162644651412964,20846.791086673737,0.5,0.5,-0.019101654364311542,0.00030923744623597126,-0.019068587144407737,0.0006474095742923541,-0.2566201961002163,37.59999999999999,0.0,975000.0,-1.0,-755.0,750.0,15.51602292060852,975000
0.0,0.039411537,0.0,5225.5957,72.23585,0.60944927,0.99999833,5225.5957,0.0,1.0,5225.5957,0.0,0.0,72.23585,102.74393,0.03451496,0.039137494,0.00045552972,-102.31804,-102.31804,102.31804,0.12273016,0.2122468,0.16194291,0.16194291,0.16194291,0.31396186,6297.0864,5233.9565,3.6575277,1.3078738,0.5975625,0.003931744,-0.5861613,-0.017023869,9.13357,102.102264,6297.0303,6297.0303,6297.0303,6297.0303,6297.0303,6297.041,0.0,0.14503276,2.3031931e-05,3.6575048,3.9999838,2.1488378,0.13407561,0.0005987189,0.3,2125.2505,3217.6653,0.0,0.8546269,0.00059811067,0.12801231,0.0,0.0054316274,5.699694e-07,3.6575048,-54.905304,1.3078673,0.59728825,0.0039236955,-54.905304,1.0,1.0,1.0,3.6575048,23924516.0,0.0,372442100.0,0.3149919,29.502678,0.99976546,0.0016739251,6.870096e-05,0.0,0.0,0.0,0.0,0.0,0.0,1.3078673,0.59728825,0.0039236955,32.849976,-98.120636,-108.30864,-311.96033,1.0430415,2.1893563,0.9660361,0.9276648,7.640716,-4.959198,40.835022,1.0,1.0,0.0,0.0,0.0,0.0,0.0,0.49599537,0.0,26546.639,149.17203,21.826359,0.9999999,26546.639,0.0,1.0,26546.639,0.0,0.0,149.17203,218.90868,5.056179,0.85725576,0.59583765,-205.27994,-205.27994,205.27994,943.49994,1192.5015,756.08374,756.08374,756.08374,0.70840305,37209.64,20972.273,2.4958706,1.0196198,0.62053216,0.003929226,-0.73328835,-1582.2616,816.59155,1771.9591,37223.633,37223.61,37223.633,37223.633,37223.633,37221.05,0.0,78.16429,0.0020998567,2.4956303,3.9104917,2.1457217,0.6333877,10.570227,0.3,7933.195,11341.968,0.0,1.4310708,10.570228,1011.941,7.543713e-08,57.074368,-0.00019393489,2.4956303,-135.63147,1.0194719,0.6206611,0.003921184,-135.63167,1.0,1.0,1.0,2.4956303,31918312.0,0.0,509677340.0,0.51254416,94.195564,0.69636184,0.29648018,2.664213,0.0,0.0,0.0,0.0,0.0,0.0,1.0194719,0.6206611,0.003921184,95.51644,-101.68692,-234.37051,-336.70807,2.6119637,22.39461,0.99875176,0.9537753,0.02068906626701355,21364.017762184143,0.5,0.5,-0.08703545395721207,0.0003020013264180698,-0.08700175720486068,0.0006271744642013377,-0.41944384156284464,37.59999999999999,0.0,999750.0,-1.0,-758.0,750.0,15.5425283908844,1000000
