training/actor/actor_loss,training/actor/bc_flow_loss,training/actor/distill_loss,training/actor/mse,training/actor/q,training/actor/q_loss,training/critic/critic_loss,training/critic/q_max,training/critic/q_mean,training/critic/q_min,training/grad/max,training/grad/min,training/grad/norm,validation/actor/actor_loss,validation/actor/bc_flow_loss,validation/actor/distill_loss,validation/actor/mse,validation/actor/q,validation/actor/q_loss,validation/critic/critic_loss,validation/critic/q_max,validation/critic/q_mean,validation/critic/q_min,time/epoch_time,time/total_time,exploration/prev_button_states,exploration/button_states,exploration/prev_qpos,exploration/prev_qvel,exploration/qpos,exploration/qvel,exploration/control,exploration/time,exploration/success,exploration/total.timesteps,exploration/episode.final_reward,exploration/episode.return,exploration/episode.length,exploration/episode.duration,step
81.19296,0.05451585,0.012370578,0.013494677,-81.01474,81.01474,0.0372681,-75.73021,-81.25783,-100.02898,0.27682096,-0.357093,9.30085,106.423355,0.95284843,0.09115582,0.15599476,-104.55895,104.55895,83.78195,-47.344814,-105.259254,-188.44,0.009131953077316284,228.29889011383057,0.5,0.5,-0.3532463701878866,-0.0030738851328234226,-0.35331968604825303,-0.001240690485651143,34.73380202736508,37.59999999999999,0.0,24750.0,-1.0,-776.0,750.0,3.7148208618164062,25000
67.85056,0.055305656,0.02256023,0.024316771,-67.56966,67.56966,0.039032698,-53.213455,-67.99322,-96.739555,0.3537898,-0.1725001,10.655386,107.86218,0.8423274,0.5764987,0.21057001,-101.25487,101.25487,118.88114,-53.177498,-102.05865,-189.69868,0.005882794380187988,375.3687641620636,0.5,0.5,-0.1441319860115625,0.009710092754988133,-0.14368819790578663,0.0075698363547246385,35.455766267902824,37.59999999999999,0.0,49500.0,-1.0,-760.0,750.0,5.2234930992126465,50000
66.765785,0.045761503,0.03437647,0.035473075,-66.37626,66.37626,0.0867423,-39.209908,-67.00339,-119.88915,0.41092634,-0.3236604,12.509687,102.74864,1.5900817,0.7854207,0.26719326,-93.30435,93.30435,127.11725,-11.492279,-94.03882,-175.49348,0.007593787326812744,565.2134575843811,0.5,0.5,-0.3399199144648554,-0.002254881236374362,-0.34001555784679555,-0.0025701420242183405,27.398934906311844,37.59999999999999,0.0,75000.0,-1.0,-762.0,750.0,4.826229572296143,75000
65.38019,0.058613133,0.040847007,0.042296972,-64.9131,64.9131,0.10182272,-36.37537,-65.699066,-123.80134,0.48573935,-0.7314148,12.883905,99.45021,2.8242145,0.8160376,0.2681184,-88.46562,88.46562,77.24002,-43.520393,-89.28664,-168.93431,0.005858279914855957,711.6704716682434,0.5,0.5,-0.20811256741036172,-0.024938967816674262,-0.20940387688519752,-0.024012847424607343,35.460956849469056,37.59999999999999,0.0,99750.0,-1.0,-856.0,750.0,4.314628839492798,100000
64.723946,0.047534086,0.019602302,0.021054035,-64.480385,64.480385,0.038420312,-51.93333,-64.87482,-99.762314,0.115985006,-0.33830154,8.208447,111.84578,15.6296,0.50815505,0.25297162,-91.13463,91.13463,94.257706,-57.045986,-91.99465,-163.69156,0.007300138912200928,894.1739568710327,0.5,0.5,-0.14776757610677638,-0.008902083663217486,-0.1483137874918677,-0.011770951228789501,35.617845507838815,37.59999999999999,0.0,124500.0,-1.0,-762.0,750.0,3.6081199645996094,125000
60.90876,0.053608593,0.048772763,0.050288595,-60.367424,60.367424,0.2526508,-20.853495,-61.328754,-114.54841,0.8229592,-0.7048323,21.5864,182.11632,99.55234,0.7235901,0.30178484,-75.32808,75.32808,63.060555,-38.286922,-76.63335,-152.29282,0.006443029289245605,1055.2496988773346,0.5,0.5,-0.017078836939194028,0.015311391488737785,-0.01630215468266856,0.015321735731741346,35.82173660246179,37.59999999999999,0.0,150000.0,-1.0,-781.0,750.0,4.29184627532959,150000
60.045086,0.080217145,0.027727356,0.027990485,-59.687595,59.687595,0.30389023,-24.620798,-60.197582,-113.22845,0.37124205,-0.4493535,12.2515335,291.08636,197.17755,1.9627379,0.2873934,-74.28144,74.28144,75.80781,-40.48057,-75.44624,-150.82526,0.008067349395751953,1256.933444261551,0.5,0.5,-0.22593750198628645,0.004763557861107168,-0.22617939368049889,0.0022789478455414367,35.05486635596089,37.59999999999999,0.0,174750.0,-1.0,-789.0,750.0,5.033895015716553,175000
61.935707,0.061390396,0.024470095,0.025749236,-61.629616,61.629616,0.091014184,-44.493202,-62.086823,-117.716286,0.0978242,-0.3149178,8.170929,500.22287,414.54327,0.9421364,0.25779656,-76.25824,76.25824,66.88834,-52.950417,-77.35519,-132.81451,0.006166055469512939,1411.0848417282104,0.5,0.5,0.18265669570752685,-0.0016675705668539702,0.18274672565261446,0.001499141190615079,36.6536570098575,37.59999999999999,0.0,199500.0,-1.0,-938.0,750.0,5.755789041519165,200000
63.30399,0.04438174,0.03500382,0.03581103,-62.90957,62.90957,0.14799479,-37.992085,-63.614895,-129.32307,0.38965902,-0.30098695,8.666569,1327.9609,1244.5706,0.9608157,0.2824269,-73.78218,73.78218,99.82655,-43.419964,-74.078384,-135.44675,0.007300070533752441,1593.5866150856018,0.5,0.5,-0.40384969760236444,-1.3407798877901334e-05,-0.4038839374626179,6.65418659091872e-05,19.20976659116338,37.59999999999999,0.0,225000.0,-3.0,-2155.0,750.0,5.052142858505249,225000
56.9063,0.0796845,0.037756238,0.040706176,-56.44905,56.44905,0.6368175,-6.2078743,-57.20519,-99.80142,1.3832145,-1.0265282,25.612522,1219.5001,1144.9686,0.81730556,0.28077915,-66.358444,66.358444,93.98275,-26.744879,-66.851265,-127.64563,0.006335000152587891,1751.9616289138794,0.5,0.5,0.2017201356216351,0.00019581266219096663,0.20171866605575114,0.0003963054025847926,36.663375601368685,37.59999999999999,0.0,249750.0,-1.0,-762.0,750.0,4.139429569244385,250000
55.49545,0.047772635,0.03820011,0.03890631,-55.065674,55.065674,0.16754285,-25.199657,-55.821457,-95.55863,0.44558555,-0.46429735,13.176576,3059.7715,2986.3337,0.8797806,0.23628674,-64.63988,64.63988,92.51381,-30.764578,-65.02902,-110.71972,0.007521655864715576,1940.0030364990234,0.5,0.5,-0.31770828590497496,0.00024023804928218178,-0.3176625401859259,0.0006323453778918929,34.744094328808494,37.59999999999999,0.0,274500.0,-1.0,-1359.0,750.0,4.177686929702759,275000
51.57522,0.045158755,0.028311137,0.030409878,-51.24695,51.24695,0.14419104,-25.757849,-51.793285,-133.185,0.38658983,-0.32096317,9.48415,7706.0894,7634.0522,0.70839804,0.23825474,-64.95322,64.95322,51.65383,-27.828386,-65.50249,-99.64688,0.005912543201446533,2087.8166263103485,0.5,0.5,-0.006299629762983633,-0.017820328288983226,-0.006881829547831065,-0.01105649262587424,35.94743463191079,37.59999999999999,0.0,300000.0,-1.0,-770.0,750.0,6.73466420173645,300000
58.09553,0.06577992,0.027438128,0.029634757,-57.75537,57.75537,0.13233301,-33.213795,-58.295486,-139.13853,0.37727332,-0.28407028,10.439388,14353.574,14275.775,0.97676986,0.25598264,-68.03125,68.03125,47.75489,-47.623608,-68.284424,-99.835266,0.007088743486404419,2265.035223722458,0.5,0.5,-0.3141964573147118,0.0005748234737402374,-0.31415518977271095,6.21919889301279e-05,34.79179241473326,37.59999999999999,0.0,324750.0,-1.0,-833.0,750.0,4.449509859085083,325000
63.504795,0.063523285,0.033696394,0.034423377,-63.10431,63.10431,0.11115423,-22.342419,-63.748367,-106.87988,0.20599109,-0.20328215,8.6141615,16133.38,16053.116,0.84794706,0.2371717,-71.784134,71.784134,60.97679,-47.566017,-71.89656,-107.468544,0.006336421718597412,2423.4457788467407,0.5,0.5,-0.10422966975892464,-0.03843604394300031,-0.10677947379133325,-0.04189042564568296,22.715058721050415,37.59999999999999,0.0,349500.0,-1.0,-909.0,750.0,5.473312854766846,350000
61.584377,0.054256286,0.021301894,0.021434622,-61.3171,61.3171,0.08270858,-42.223583,-61.736897,-119.731224,0.158381,-0.13316068,7.031563,54867.84,54785.47,1.1178248,0.2492938,-71.19034,71.19034,38.399834,-50.061188,-71.30652,-122.09073,0.007501042470932007,2610.97185254097,0.5,0.5,-0.18276756833975358,-0.019997043860522524,-0.18321080710136617,-0.011327060446231565,-0.9220035807251337,37.59999999999999,0.0,375000.0,-1.0,-758.0,750.0,4.579094409942627,375000
68.51003,0.060123917,0.029195458,0.030144487,-68.15795,68.15795,0.106712624,-37.02221,-68.70274,-137.7739,0.31690532,-0.24010739,9.240503,89454.62,89370.71,0.91247284,0.26331314,-74.78259,74.78259,38.33957,-46.176918,-74.99892,-104.87241,0.006215830020904541,2766.3676126003265,0.5,0.5,-0.03419966976878661,-0.05400939931443408,-0.03621581187859677,-0.033291979998745225,35.746802305456,37.59999999999999,0.0,399750.0,-1.0,-769.0,750.0,5.078342914581299,400000
68.902695,0.061053928,0.027097894,0.028366089,-68.57066,68.57066,0.17513423,-44.95177,-69.10266,-133.82239,0.38489735,-0.52030206,12.071466,94347.984,94265.68,0.8250389,0.25974283,-74.058075,74.058075,60.081562,-48.680706,-74.208405,-110.82655,0.007216893453598022,2946.7899599075317,0.5,0.5,-0.19720575004853436,0.000890468589870333,-0.19781648575233235,-0.012348543726534968,15.707723892152904,37.59999999999999,0.0,424500.0,-1.0,-754.0,750.0,6.255065202713013,425000
68.337906,0.054393865,0.025850704,0.027650818,-68.025,68.025,0.1298146,-42.83151,-68.53978,-124.74891,0.22738653,-0.25487167,7.69901,122919.07,122835.125,0.7901827,0.29074502,-76.050644,76.050644,17.231861,-53.99584,-76.230835,-106.45576,0.005845766935348511,3092.934143304825,1.0,1.0,-0.3718922638236903,0.001200664735717591,-0.3718530630777071,-0.0006238997028450181,23.259436947835606,37.59999999999999,0.0,450000.0,-2.0,-1433.0,750.0,5.6224987506866455,450000
69.17865,0.06577174,0.023126919,0.023153374,-68.88161,68.88161,0.06515998,-32.969048,-69.29822,-134.52325,0.10649546,-0.16494346,5.4016643,105585.76,105500.44,1.2925549,0.32921892,-72.395294,72.395294,51.188217,-48.737823,-72.39368,-107.782906,0.006969305200576782,3267.166784763336,0.5,0.5,-0.026968172537751176,0.020563301714582153,-0.026141949114871804,0.018632053700752427,35.86581532366996,37.59999999999999,0.0,474750.0,-1.0,-757.0,750.0,3.643115997314453,475000
73.49568,0.056641903,0.01780942,0.018326962,-73.26095,73.26095,0.054429818,-54.598145,-73.594284,-123.46806,0.14603794,-0.18210104,6.0966377,167823.0,167735.34,0.9153103,0.29950395,-78.499825,78.499825,49.48697,-60.0154,-78.54584,-119.90999,0.0057908141613006595,3411.9371495246887,0.5,0.5,-0.2955138793654573,-0.0071540194848061685,-0.29571391429095006,-0.0043745931227113415,-1.1877112872644682,37.59999999999999,0.0,499500.0,-1.0,-758.0,750.0,4.984586477279663,500000
70.61907,0.05763172,0.02404339,0.026356151,-70.32101,70.32101,0.11601383,-48.683064,-70.77991,-110.664406,0.24281597,-0.18595089,8.582024,155464.22,155379.83,0.8730543,0.27273864,-75.660065,75.660065,12.933063,-56.275524,-75.639984,-100.521614,0.00703891167640686,3587.909952878952,0.5,0.5,-0.07540120140015445,-0.0005626543312360435,-0.07541426148707857,-0.0007388309936139626,35.71334709519398,37.59999999999999,0.0,525000.0,-1.0,-758.0,750.0,3.740628719329834,525000
71.90329,0.06732371,0.022918886,0.02436728,-71.60678,71.60678,0.11381268,-49.757492,-72.04271,-107.50052,0.24576063,-0.3046626,10.000045,195865.06,195769.8,1.3616467,0.31945768,-81.65688,81.65688,13.411657,-59.423374,-81.473114,-120.3937,0.0057624221420288085,3731.9705193042755,0.5,0.5,-0.12641672687671582,-0.0007045222626545837,-0.12636976965308583,0.001107717952942733,35.538468166448176,37.59999999999999,0.0,549750.0,-1.0,-765.0,750.0,4.463064908981323,550000
73.95643,0.07545797,0.023656037,0.025941452,-73.64441,73.64441,0.14126226,-45.45157,-74.11146,-157.8809,0.36210826,-0.45009986,11.812639,212760.3,212674.95,0.9610433,0.33100167,-75.736,75.736,83.68645,-48.88434,-75.54878,-117.77871,0.007259778642654419,3913.464996576309,0.5,0.5,-0.28531466383463283,-0.002742655576409754,-0.2850843374961235,0.002827327229832987,34.792598480651456,37.59999999999999,0.0,574500.0,-3.0,-2112.0,750.0,4.345339298248291,575000
74.71885,0.056628257,0.01844213,0.019051818,-74.4778,74.4778,0.06918739,-57.259686,-74.82187,-111.121,0.13513568,-0.12511848,5.8729033,303610.12,303518.44,0.8646679,0.30174586,-83.03528,83.03528,55.23143,-69.214424,-83.054665,-111.05836,0.005755252552032471,4057.3463203907013,0.5,0.5,-0.33017821915747136,0.0007137337324965605,-0.330123944958413,0.000786773995189075,34.7948513132889,37.59999999999999,0.0,600000.0,-1.0,-820.0,750.0,4.042917251586914,600000
79.61437,0.044152748,0.021772403,0.022847068,-79.35249,79.35249,0.08311775,-45.10984,-79.75927,-150.39896,0.12392871,-0.1703064,6.367549,447118.0,447021.25,1.1970465,0.28513652,-84.78255,84.78255,41.356514,-57.782906,-84.8,-111.74396,0.007237300357818603,4238.278840303421,0.5,0.5,-0.2922569411717375,-0.00037328975983153483,-0.2922453370228995,0.00022445170560258468,34.76991025945183,37.59999999999999,0.0,624750.0,-1.0,-766.0,750.0,4.410644054412842,625000
76.8985,0.05609892,0.020551145,0.022715138,-76.63689,76.63689,0.086429596,-43.47832,-77.042564,-113.19342,0.588873,-0.4395714,8.417213,388695.22,388596.56,1.3161135,0.36238024,-85.49131,85.49131,155.92047,-60.46128,-85.36056,-104.45683,0.006267656679153443,4394.970269918442,0.5,0.5,-0.22214784990897163,-0.0010566488723047468,-0.22211681169495442,-0.00012950664599283192,-1.097266108154624,37.59999999999999,0.0,649500.0,-1.0,-781.0,750.0,6.261064291000366,650000
75.185936,0.055094756,0.018006751,0.019925361,-74.950775,74.950775,0.08103497,-57.79602,-75.28706,-107.78269,0.3157663,-0.3692086,9.090747,359643.56,359546.06,1.1113871,0.3397137,-86.38539,86.38539,110.10733,-69.855545,-86.43259,-109.8918,0.007102388410568238,4572.529990911484,0.5,0.5,-0.2752888811088576,-6.515366603086034e-05,-0.2752938987376771,5.7715019808150575e-05,34.859654947514905,37.59999999999999,0.0,675000.0,-1.0,-761.0,750.0,4.052314281463623,675000
79.213554,0.06542839,0.015924808,0.01657631,-78.98888,78.98888,0.046815854,-56.876038,-79.29506,-101.64802,0.16206454,-0.124469206,6.067153,450994.47,450892.8,1.0472683,0.33618137,-91.185265,91.185265,67.1189,-67.80208,-91.26297,-108.28681,0.005837500324249268,4718.467508792877,0.5,0.5,-0.12338066118769148,-0.0017745275837500417,-0.12340108285412833,0.0002575106287086163,35.5874601138904,37.59999999999999,0.0,699750.0,-1.0,-758.0,750.0,4.751978874206543,700000
81.095665,0.07208487,0.01689952,0.01828717,-80.85458,80.85458,0.28470868,-49.86624,-81.19591,-119.05451,0.766138,-0.60827154,14.859515,825962.6,825860.56,1.1271374,0.3043879,-90.82715,90.82715,87.130936,-68.60128,-90.76507,-109.8172,0.007012803401947021,4893.787604808807,0.5,0.5,-0.20173215428084185,0.00012410599606657723,-0.20178967445196652,-0.0010410903003259257,18.557809949598926,37.59999999999999,0.0,724500.0,-1.0,-782.0,750.0,4.144131898880005,725000
79.442,0.075374655,0.016989216,0.017581312,-79.19673,79.19673,0.100786455,-52.18612,-79.53619,-103.17932,0.23524235,-0.26844338,8.106493,1073236.9,1073135.9,1.0508108,0.35522735,-90.44809,90.44809,37.402138,-73.41908,-90.45871,-113.510506,0.0062649720287323,5050.411916017532,0.5,0.5,-0.16778668836992328,0.0059986910302161885,-0.1674709549048198,0.0050503175947120395,35.309623795787815,37.59999999999999,0.0,750000.0,-1.0,-756.0,750.0,3.766382932662964,750000
81.02884,0.037577756,0.014386578,0.0152129,-80.8474,80.8474,0.0717309,-63.030273,-81.1199,-133.8059,0.2008877,-0.20073634,6.5311804,1169800.4,1169697.9,1.1481184,0.324378,-90.96295,90.96295,96.27197,-72.61783,-90.988434,-117.79851,0.007150353584289551,5229.170769453049,0.5,0.5,-0.2801977268802501,0.00624774427302166,-0.27990230373905717,0.0034999325769541657,35.08374646977579,37.59999999999999,0.0,774750.0,-1.0,-761.0,750.0,5.725820064544678,775000
81.41574,0.0730571,0.015936706,0.01717385,-81.18332,81.18332,0.06347336,-58.234577,-81.47444,-149.6576,0.13471095,-0.12614536,6.193472,1669233.1,1669134.1,1.0313431,0.28571597,-88.58674,88.58674,98.58213,-68.13877,-88.61147,-110.50545,0.006014231996536255,5379.526583433151,0.5,0.5,-0.08447573760091609,0.023117106442203866,-0.08353066810960556,0.020100443601028365,35.698284570657464,37.59999999999999,0.0,799500.0,-1.0,-759.0,750.0,4.039152383804321,800000
81.92789,0.043733597,0.015785007,0.017336158,-81.7263,81.7263,0.0449748,-63.37516,-82.018616,-120.30259,0.10093,-0.076287925,3.7442398,1550332.0,1550233.4,1.1269239,0.31663963,-87.333435,87.333435,151.35056,-71.805046,-87.29695,-116.87422,0.007257249450683594,5560.957834243774,0.5,0.5,-0.043315607586524765,0.0010554347514743622,-0.04327089399608134,0.0008423751702357696,36.092122471435694,37.59999999999999,0.0,825000.0,-1.0,-824.0,750.0,5.716343402862549,825000
83.18559,0.05569297,0.015440876,0.015737003,-82.975494,82.975494,0.071265295,-64.60474,-83.25766,-174.8096,0.13793749,-0.1268208,6.282964,1406599.2,1406496.9,1.4174236,0.29669386,-88.30751,88.30751,86.21924,-75.4038,-88.28688,-122.27544,0.005893138341903687,5708.286304235458,0.5,0.5,-0.08809650143004526,-0.0006647028705542372,-0.08823554177799636,-0.0025876434660866564,35.82570288997512,37.59999999999999,0.0,849750.0,-1.0,-793.0,750.0,4.4684669971466064,850000
81.96528,0.069588475,0.013896875,0.014614073,-81.75672,81.75672,0.040023446,-67.41267,-82.01491,-114.38013,0.19635773,-0.1456241,5.6097913,2929473.5,2929373.8,1.1061581,0.32641146,-88.83235,88.83235,64.11838,-74.26175,-88.80975,-115.331406,0.007055802450180054,5884.681379079819,0.5,0.5,-0.10991485322102504,-0.0021905079489122413,-0.11005946950607381,-0.0021803306327488003,-0.4531478776765726,37.59999999999999,0.0,874500.0,-1.0,-760.0,750.0,4.365445852279663,875000
83.42489,0.07103672,0.01653986,0.017558312,-83.18845,83.18845,0.07931763,-64.87752,-83.50435,-112.197105,0.22958839,-0.31027973,8.047961,2800590.0,2800480.8,1.9278927,0.3558009,-90.09498,90.09498,38.26822,-76.11178,-90.0918,-111.392,0.0057867209911346435,6029.349414587021,0.5,0.5,-0.17130828390049543,-0.0031378871749083103,-0.17146026034976805,-0.0027931384948337314,35.07549291781141,37.59999999999999,0.0,900000.0,-1.0,-763.0,750.0,4.389079570770264,900000
82.35077,0.058430325,0.017081304,0.01772078,-82.12153,82.12153,0.05631822,-67.645996,-82.426605,-131.8055,0.23987068,-0.18145233,6.6504307,3238840.5,3238734.8,1.8494157,0.3216221,-87.32234,87.32234,68.86323,-73.96692,-87.30104,-112.20143,0.007385779056549072,6213.993901729584,0.5,0.5,-0.10901402406352977,0.003269629322434848,-0.10873837023673538,0.004987224989009669,35.8911583913557,37.59999999999999,0.0,924750.0,-1.0,-760.0,750.0,5.799154043197632,925000
81.69189,0.054775905,0.01536783,0.016777292,-81.48343,81.48343,0.079056464,-69.06173,-81.786995,-136.91632,0.17413044,-0.12840378,5.560031,3303657.5,3303556.5,1.310022,0.36460748,-88.10198,88.10198,41.508293,-73.3882,-88.03222,-116.74409,0.00618367208480835,6368.5857145786285,0.5,0.5,-0.43905360195014187,-0.00014154163057762835,-0.4390580583363705,0.000213030961647734,-1.6275211947795363,37.59999999999999,0.0,949500.0,-1.0,-760.0,750.0,4.640088319778442,950000
81.5521,0.05155463,0.01510734,0.017414782,-81.34947,81.34947,0.04169949,-61.931995,-81.65222,-115.45846,0.10706607,-0.0880317,5.015416,3560243.8,3560137.2,1.7946018,0.36483344,-88.57449,88.57449,37.958275,-75.96358,-88.45958,-114.34682,0.007675356378555298,6560.469635248184,0.5,0.5,-0.3610773305616142,7.722468537961793e-05,-0.3610667800005274,0.00022888815426096265,34.784630024445924,37.59999999999999,0.0,975000.0,-1.0,-762.0,750.0,4.4364964962005615,975000
85.11998,0.05870626,0.013299341,0.0139401825,-84.92828,84.92828,0.030812167,-70.37891,-85.16173,-110.78491,0.15040573,-0.14484926,4.7962847,3233160.5,3233056.8,1.2781085,0.34639737,-90.939926,90.939926,39.038277,-77.991974,-90.83739,-117.8607,0.006296916055679321,6717.892547130585,0.5,0.5,-0.3087398206266137,-0.0002530768193983063,-0.30874478832489494,-6.801239290444975e-05,-1.193368270154468,37.59999999999999,0.0,999750.0,-1.0,-765.0,750.0,4.399048566818237,1000000
