scenario,panel,env,method,method_label,config_name,seed,online_steps,final_step,status,final_success,best_peak_success,best_peak_step,drop,run_dir,eval_csv,train_csv,command_txt,checkpoint_source,used_in_final_figure,run_stage,notes
cube-double,cube-double task4,cube-double-play-singletask-task4-v0,fql,FQL,final1m_r1p0_default,2,1000000,1000000,completed_1m,0.0,0.0,0,0.0,/root/autodl-tmp/sb-value-flows-runs/offline2online_single4090/exp/o2o_final_cube-double_fql_final1m_r1p0_default_seed2/o2o_final_cube-double_fql_final1m_r1p0_default_seed2/sd002_20260705_140917,/root/autodl-tmp/sb-value-flows-runs/offline2online_single4090/exp/o2o_final_cube-double_fql_final1m_r1p0_default_seed2/o2o_final_cube-double_fql_final1m_r1p0_default_seed2/sd002_20260705_140917/eval.csv,/root/autodl-tmp/sb-value-flows-runs/offline2online_single4090/exp/o2o_final_cube-double_fql_final1m_r1p0_default_seed2/o2o_final_cube-double_fql_final1m_r1p0_default_seed2/sd002_20260705_140917/train.csv,/root/autodl-tmp/sb-value-flows-runs/offline2online_single4090/exp/o2o_final_cube-double_fql_final1m_r1p0_default_seed2/o2o_final_cube-double_fql_final1m_r1p0_default_seed2/sd002_20260705_140917/command.txt,/root/autodl-tmp/sb-value-flows-runs/offline2online_single4090/exp/o2o_pretrain_cube-double_fql_ckpt500k_default_seed2/o2o_pretrain_cube-double_fql_ckpt500k_default_seed2/sd002_20260704_024633,True,final,
cube-double,cube-double task4,cube-double-play-singletask-task4-v0,fql,FQL,final1m_r1p0_default,3,1000000,1000000,completed_1m,0.0,0.0,0,0.0,/root/autodl-tmp/sb-value-flows-runs/offline2online_single4090/exp/o2o_final_cube-double_fql_final1m_r1p0_default_seed3/o2o_final_cube-double_fql_final1m_r1p0_default_seed3/sd003_20260707_132052,/root/autodl-tmp/sb-value-flows-runs/offline2online_single4090/exp/o2o_final_cube-double_fql_final1m_r1p0_default_seed3/o2o_final_cube-double_fql_final1m_r1p0_default_seed3/sd003_20260707_132052/eval.csv,/root/autodl-tmp/sb-value-flows-runs/offline2online_single4090/exp/o2o_final_cube-double_fql_final1m_r1p0_default_seed3/o2o_final_cube-double_fql_final1m_r1p0_default_seed3/sd003_20260707_132052/train.csv,/root/autodl-tmp/sb-value-flows-runs/offline2online_single4090/exp/o2o_final_cube-double_fql_final1m_r1p0_default_seed3/o2o_final_cube-double_fql_final1m_r1p0_default_seed3/sd003_20260707_132052/command.txt,/root/autodl-tmp/sb-value-flows-runs/offline2online_single4090/exp/o2o_pretrain_cube-double_fql_ckpt500k_default_seed3/o2o_pretrain_cube-double_fql_ckpt500k_default_seed3/sd003_20260707_125546,True,final,
cube-double,cube-double task4,cube-double-play-singletask-task4-v0,ours,Ours,final1m_r1p0_lam1e-3_tau0p3,2,1000000,1000000,completed_1m,0.0,0.0,0,0.0,/root/autodl-tmp/sb-value-flows-runs/offline2online_single4090/exp/o2o_final_cube-double_ours_final1m_r1p0_lam1e-3_tau0p3_seed2/o2o_final_cube-double_ours_final1m_r1p0_lam1e-3_tau0p3_seed2/sd002_20260704_063839,/root/autodl-tmp/sb-value-flows-runs/offline2online_single4090/exp/o2o_final_cube-double_ours_final1m_r1p0_lam1e-3_tau0p3_seed2/o2o_final_cube-double_ours_final1m_r1p0_lam1e-3_tau0p3_seed2/sd002_20260704_063839/eval.csv,/root/autodl-tmp/sb-value-flows-runs/offline2online_single4090/exp/o2o_final_cube-double_ours_final1m_r1p0_lam1e-3_tau0p3_seed2/o2o_final_cube-double_ours_final1m_r1p0_lam1e-3_tau0p3_seed2/sd002_20260704_063839/train.csv,/root/autodl-tmp/sb-value-flows-runs/offline2online_single4090/exp/o2o_final_cube-double_ours_final1m_r1p0_lam1e-3_tau0p3_seed2/o2o_final_cube-double_ours_final1m_r1p0_lam1e-3_tau0p3_seed2/sd002_20260704_063839/command.txt,/root/autodl-tmp/sb-value-flows-runs/offline2online_single4090/exp/o2o_pretrain_cube-double_ours_ckpt500k_lam1e-3_tau0p3_seed2/o2o_pretrain_cube-double_ours_ckpt500k_lam1e-3_tau0p3_seed2/sd002_20260703_000526,True,final,
cube-double,cube-double task4,cube-double-play-singletask-task4-v0,ours,Ours,final1m_r1p0_lam1e-3_tau0p3,3,1000000,1000000,completed_1m,0.0,0.0,0,0.0,/root/autodl-tmp/sb-value-flows-runs/offline2online_single4090/exp/o2o_final_cube-double_ours_final1m_r1p0_lam1e-3_tau0p3_seed3/o2o_final_cube-double_ours_final1m_r1p0_lam1e-3_tau0p3_seed3/sd003_20260705_213441,/root/autodl-tmp/sb-value-flows-runs/offline2online_single4090/exp/o2o_final_cube-double_ours_final1m_r1p0_lam1e-3_tau0p3_seed3/o2o_final_cube-double_ours_final1m_r1p0_lam1e-3_tau0p3_seed3/sd003_20260705_213441/eval.csv,/root/autodl-tmp/sb-value-flows-runs/offline2online_single4090/exp/o2o_final_cube-double_ours_final1m_r1p0_lam1e-3_tau0p3_seed3/o2o_final_cube-double_ours_final1m_r1p0_lam1e-3_tau0p3_seed3/sd003_20260705_213441/train.csv,/root/autodl-tmp/sb-value-flows-runs/offline2online_single4090/exp/o2o_final_cube-double_ours_final1m_r1p0_lam1e-3_tau0p3_seed3/o2o_final_cube-double_ours_final1m_r1p0_lam1e-3_tau0p3_seed3/sd003_20260705_213441/command.txt,/root/autodl-tmp/sb-value-flows-runs/offline2online_single4090/exp/o2o_pretrain_cube-double_ours_ckpt500k_lam1e-3_tau0p3_seed3/o2o_pretrain_cube-double_ours_ckpt500k_lam1e-3_tau0p3_seed3/sd003_20260705_192934,True,final,
cube-double,cube-double task4,cube-double-play-singletask-task4-v0,value_flows,Value Flows,final1m_r1p0_default,2,1000000,1000000,completed_1m,0.0,0.0,0,0.0,/root/autodl-tmp/sb-value-flows-runs/offline2online_single4090/exp/o2o_final_cube-double_value_flows_final1m_r1p0_default_seed2/o2o_final_cube-double_value_flows_final1m_r1p0_default_seed2/sd002_20260705_005858,/root/autodl-tmp/sb-value-flows-runs/offline2online_single4090/exp/o2o_final_cube-double_value_flows_final1m_r1p0_default_seed2/o2o_final_cube-double_value_flows_final1m_r1p0_default_seed2/sd002_20260705_005858/eval.csv,/root/autodl-tmp/sb-value-flows-runs/offline2online_single4090/exp/o2o_final_cube-double_value_flows_final1m_r1p0_default_seed2/o2o_final_cube-double_value_flows_final1m_r1p0_default_seed2/sd002_20260705_005858/train.csv,/root/autodl-tmp/sb-value-flows-runs/offline2online_single4090/exp/o2o_final_cube-double_value_flows_final1m_r1p0_default_seed2/o2o_final_cube-double_value_flows_final1m_r1p0_default_seed2/sd002_20260705_005858/command.txt,/root/autodl-tmp/sb-value-flows-runs/offline2online_single4090/exp/o2o_pretrain_cube-double_value_flows_ckpt500k_default_seed2/o2o_pretrain_cube-double_value_flows_ckpt500k_default_seed2/sd002_20260703_154854,True,final,
cube-double,cube-double task4,cube-double-play-singletask-task4-v0,value_flows,Value Flows,final1m_r1p0_default,3,1000000,1000000,completed_1m,0.0,0.0,0,0.0,/root/autodl-tmp/sb-value-flows-runs/offline2online_single4090/exp/o2o_final_cube-double_value_flows_final1m_r1p0_default_seed3/o2o_final_cube-double_value_flows_final1m_r1p0_default_seed3/sd003_20260706_213516,/root/autodl-tmp/sb-value-flows-runs/offline2online_single4090/exp/o2o_final_cube-double_value_flows_final1m_r1p0_default_seed3/o2o_final_cube-double_value_flows_final1m_r1p0_default_seed3/sd003_20260706_213516/eval.csv,/root/autodl-tmp/sb-value-flows-runs/offline2online_single4090/exp/o2o_final_cube-double_value_flows_final1m_r1p0_default_seed3/o2o_final_cube-double_value_flows_final1m_r1p0_default_seed3/sd003_20260706_213516/train.csv,/root/autodl-tmp/sb-value-flows-runs/offline2online_single4090/exp/o2o_final_cube-double_value_flows_final1m_r1p0_default_seed3/o2o_final_cube-double_value_flows_final1m_r1p0_default_seed3/sd003_20260706_213516/command.txt,/root/autodl-tmp/sb-value-flows-runs/offline2online_single4090/exp/o2o_pretrain_cube-double_value_flows_ckpt500k_default_seed3/o2o_pretrain_cube-double_value_flows_ckpt500k_default_seed3/sd003_20260706_201510,True,final,
puzzle-4x4,puzzle-4x4 task3,puzzle-4x4-play-singletask-task3-v0,fql,FQL,final1m_r1p0_default,2,1000000,1000000,completed_1m,1.0,1.0,200000,0.0,/root/autodl-tmp/sb-value-flows-runs/offline2online_single4090/exp/o2o_final_puzzle-4x4_fql_final1m_r1p0_default_seed2/o2o_final_puzzle-4x4_fql_final1m_r1p0_default_seed2/sd002_20260705_153922,/root/autodl-tmp/sb-value-flows-runs/offline2online_single4090/exp/o2o_final_puzzle-4x4_fql_final1m_r1p0_default_seed2/o2o_final_puzzle-4x4_fql_final1m_r1p0_default_seed2/sd002_20260705_153922/eval.csv,/root/autodl-tmp/sb-value-flows-runs/offline2online_single4090/exp/o2o_final_puzzle-4x4_fql_final1m_r1p0_default_seed2/o2o_final_puzzle-4x4_fql_final1m_r1p0_default_seed2/sd002_20260705_153922/train.csv,/root/autodl-tmp/sb-value-flows-runs/offline2online_single4090/exp/o2o_final_puzzle-4x4_fql_final1m_r1p0_default_seed2/o2o_final_puzzle-4x4_fql_final1m_r1p0_default_seed2/sd002_20260705_153922/command.txt,/root/autodl-tmp/sb-value-flows-runs/offline2online_single4090/exp/o2o_pretrain_puzzle-4x4_fql_ckpt500k_default_seed2/o2o_pretrain_puzzle-4x4_fql_ckpt500k_default_seed2/sd002_20260704_035144,True,final,
puzzle-4x4,puzzle-4x4 task3,puzzle-4x4-play-singletask-task3-v0,fql,FQL,final1m_r1p0_default,3,1000000,1000000,completed_1m,0.0,0.0,0,0.0,/root/autodl-tmp/sb-value-flows-runs/offline2online_single4090/exp/o2o_final_puzzle-4x4_fql_final1m_r1p0_default_seed3/o2o_final_puzzle-4x4_fql_final1m_r1p0_default_seed3/sd003_20260707_151103,/root/autodl-tmp/sb-value-flows-runs/offline2online_single4090/exp/o2o_final_puzzle-4x4_fql_final1m_r1p0_default_seed3/o2o_final_puzzle-4x4_fql_final1m_r1p0_default_seed3/sd003_20260707_151103/eval.csv,/root/autodl-tmp/sb-value-flows-runs/offline2online_single4090/exp/o2o_final_puzzle-4x4_fql_final1m_r1p0_default_seed3/o2o_final_puzzle-4x4_fql_final1m_r1p0_default_seed3/sd003_20260707_151103/train.csv,/root/autodl-tmp/sb-value-flows-runs/offline2online_single4090/exp/o2o_final_puzzle-4x4_fql_final1m_r1p0_default_seed3/o2o_final_puzzle-4x4_fql_final1m_r1p0_default_seed3/sd003_20260707_151103/command.txt,/root/autodl-tmp/sb-value-flows-runs/offline2online_single4090/exp/o2o_pretrain_puzzle-4x4_fql_ckpt500k_default_seed3/o2o_pretrain_puzzle-4x4_fql_ckpt500k_default_seed3/sd003_20260707_144557,True,final,
puzzle-4x4,puzzle-4x4 task3,puzzle-4x4-play-singletask-task3-v0,ours,Ours,final1m_r1p0_lam1e-3_tau0p3,2,1000000,1000000,completed_1m,0.0,0.0,0,0.0,/root/autodl-tmp/sb-value-flows-runs/offline2online_single4090/exp/o2o_final_puzzle-4x4_ours_final1m_r1p0_lam1e-3_tau0p3_seed2/o2o_final_puzzle-4x4_ours_final1m_r1p0_lam1e-3_tau0p3_seed2/sd002_20260704_122346,/root/autodl-tmp/sb-value-flows-runs/offline2online_single4090/exp/o2o_final_puzzle-4x4_ours_final1m_r1p0_lam1e-3_tau0p3_seed2/o2o_final_puzzle-4x4_ours_final1m_r1p0_lam1e-3_tau0p3_seed2/sd002_20260704_122346/eval.csv,/root/autodl-tmp/sb-value-flows-runs/offline2online_single4090/exp/o2o_final_puzzle-4x4_ours_final1m_r1p0_lam1e-3_tau0p3_seed2/o2o_final_puzzle-4x4_ours_final1m_r1p0_lam1e-3_tau0p3_seed2/sd002_20260704_122346/train.csv,/root/autodl-tmp/sb-value-flows-runs/offline2online_single4090/exp/o2o_final_puzzle-4x4_ours_final1m_r1p0_lam1e-3_tau0p3_seed2/o2o_final_puzzle-4x4_ours_final1m_r1p0_lam1e-3_tau0p3_seed2/sd002_20260704_122346/command.txt,/root/autodl-tmp/sb-value-flows-runs/offline2online_single4090/exp/o2o_pretrain_puzzle-4x4_ours_ckpt500k_lam1e-3_tau0p3_seed2/o2o_pretrain_puzzle-4x4_ours_ckpt500k_lam1e-3_tau0p3_seed2/sd002_20260703_051144,True,final,
puzzle-4x4,puzzle-4x4 task3,puzzle-4x4-play-singletask-task3-v0,ours,Ours,final1m_r1p0_lam1e-3_tau0p3,3,1000000,1000000,completed_1m,0.0,0.0,0,0.0,/root/autodl-tmp/sb-value-flows-runs/offline2online_single4090/exp/o2o_final_puzzle-4x4_ours_final1m_r1p0_lam1e-3_tau0p3_seed3/o2o_final_puzzle-4x4_ours_final1m_r1p0_lam1e-3_tau0p3_seed3/sd003_20260706_052452,/root/autodl-tmp/sb-value-flows-runs/offline2online_single4090/exp/o2o_final_puzzle-4x4_ours_final1m_r1p0_lam1e-3_tau0p3_seed3/o2o_final_puzzle-4x4_ours_final1m_r1p0_lam1e-3_tau0p3_seed3/sd003_20260706_052452/eval.csv,/root/autodl-tmp/sb-value-flows-runs/offline2online_single4090/exp/o2o_final_puzzle-4x4_ours_final1m_r1p0_lam1e-3_tau0p3_seed3/o2o_final_puzzle-4x4_ours_final1m_r1p0_lam1e-3_tau0p3_seed3/sd003_20260706_052452/train.csv,/root/autodl-tmp/sb-value-flows-runs/offline2online_single4090/exp/o2o_final_puzzle-4x4_ours_final1m_r1p0_lam1e-3_tau0p3_seed3/o2o_final_puzzle-4x4_ours_final1m_r1p0_lam1e-3_tau0p3_seed3/sd003_20260706_052452/command.txt,/root/autodl-tmp/sb-value-flows-runs/offline2online_single4090/exp/o2o_pretrain_puzzle-4x4_ours_ckpt500k_lam1e-3_tau0p3_seed3/o2o_pretrain_puzzle-4x4_ours_ckpt500k_lam1e-3_tau0p3_seed3/sd003_20260706_031946,True,final,
puzzle-4x4,puzzle-4x4 task3,puzzle-4x4-play-singletask-task3-v0,value_flows,Value Flows,final1m_r1p0_default,2,1000000,1000000,completed_1m,0.0,0.0,0,0.0,/root/autodl-tmp/sb-value-flows-runs/offline2online_single4090/exp/o2o_final_puzzle-4x4_value_flows_final1m_r1p0_default_seed2/o2o_final_puzzle-4x4_value_flows_final1m_r1p0_default_seed2/sd002_20260705_044905,/root/autodl-tmp/sb-value-flows-runs/offline2online_single4090/exp/o2o_final_puzzle-4x4_value_flows_final1m_r1p0_default_seed2/o2o_final_puzzle-4x4_value_flows_final1m_r1p0_default_seed2/sd002_20260705_044905/eval.csv,/root/autodl-tmp/sb-value-flows-runs/offline2online_single4090/exp/o2o_final_puzzle-4x4_value_flows_final1m_r1p0_default_seed2/o2o_final_puzzle-4x4_value_flows_final1m_r1p0_default_seed2/sd002_20260705_044905/train.csv,/root/autodl-tmp/sb-value-flows-runs/offline2online_single4090/exp/o2o_final_puzzle-4x4_value_flows_final1m_r1p0_default_seed2/o2o_final_puzzle-4x4_value_flows_final1m_r1p0_default_seed2/sd002_20260705_044905/command.txt,/root/autodl-tmp/sb-value-flows-runs/offline2online_single4090/exp/o2o_pretrain_puzzle-4x4_value_flows_ckpt500k_default_seed2/o2o_pretrain_puzzle-4x4_value_flows_ckpt500k_default_seed2/sd002_20260703_190906,True,final,
puzzle-4x4,puzzle-4x4 task3,puzzle-4x4-play-singletask-task3-v0,value_flows,Value Flows,final1m_r1p0_default,3,1000000,1000000,completed_1m,0.0,0.0,0,0.0,/root/autodl-tmp/sb-value-flows-runs/offline2online_single4090/exp/o2o_final_puzzle-4x4_value_flows_final1m_r1p0_default_seed3/o2o_final_puzzle-4x4_value_flows_final1m_r1p0_default_seed3/sd003_20260707_025028,/root/autodl-tmp/sb-value-flows-runs/offline2online_single4090/exp/o2o_final_puzzle-4x4_value_flows_final1m_r1p0_default_seed3/o2o_final_puzzle-4x4_value_flows_final1m_r1p0_default_seed3/sd003_20260707_025028/eval.csv,/root/autodl-tmp/sb-value-flows-runs/offline2online_single4090/exp/o2o_final_puzzle-4x4_value_flows_final1m_r1p0_default_seed3/o2o_final_puzzle-4x4_value_flows_final1m_r1p0_default_seed3/sd003_20260707_025028/train.csv,/root/autodl-tmp/sb-value-flows-runs/offline2online_single4090/exp/o2o_final_puzzle-4x4_value_flows_final1m_r1p0_default_seed3/o2o_final_puzzle-4x4_value_flows_final1m_r1p0_default_seed3/sd003_20260707_025028/command.txt,/root/autodl-tmp/sb-value-flows-runs/offline2online_single4090/exp/o2o_pretrain_puzzle-4x4_value_flows_ckpt500k_default_seed3/o2o_pretrain_puzzle-4x4_value_flows_ckpt500k_default_seed3/sd003_20260707_013022,True,final,
scene,scene task4,scene-play-singletask-task4-v0,fql,FQL,final1m_r1p0_default,2,1000000,1000000,completed_1m,0.0,0.0,0,0.0,/root/autodl-tmp/sb-value-flows-runs/offline2online_single4090/exp/o2o_final_scene_fql_final1m_r1p0_default_seed2/o2o_final_scene_fql_final1m_r1p0_default_seed2/sd002_20260705_173428,/root/autodl-tmp/sb-value-flows-runs/offline2online_single4090/exp/o2o_final_scene_fql_final1m_r1p0_default_seed2/o2o_final_scene_fql_final1m_r1p0_default_seed2/sd002_20260705_173428/eval.csv,/root/autodl-tmp/sb-value-flows-runs/offline2online_single4090/exp/o2o_final_scene_fql_final1m_r1p0_default_seed2/o2o_final_scene_fql_final1m_r1p0_default_seed2/sd002_20260705_173428/train.csv,/root/autodl-tmp/sb-value-flows-runs/offline2online_single4090/exp/o2o_final_scene_fql_final1m_r1p0_default_seed2/o2o_final_scene_fql_final1m_r1p0_default_seed2/sd002_20260705_173428/command.txt,/root/autodl-tmp/sb-value-flows-runs/offline2online_single4090/exp/o2o_pretrain_scene_fql_ckpt500k_default_seed2/o2o_pretrain_scene_fql_ckpt500k_default_seed2/sd002_20260704_051654,True,final,
scene,scene task4,scene-play-singletask-task4-v0,fql,FQL,final1m_r1p0_default,3,1000000,1000000,completed_1m,0.0,0.0,0,0.0,/root/autodl-tmp/sb-value-flows-runs/offline2online_single4090/exp/o2o_final_scene_fql_final1m_r1p0_default_seed3/o2o_final_scene_fql_final1m_r1p0_default_seed3/sd003_20260707_175615,/root/autodl-tmp/sb-value-flows-runs/offline2online_single4090/exp/o2o_final_scene_fql_final1m_r1p0_default_seed3/o2o_final_scene_fql_final1m_r1p0_default_seed3/sd003_20260707_175615/eval.csv,/root/autodl-tmp/sb-value-flows-runs/offline2online_single4090/exp/o2o_final_scene_fql_final1m_r1p0_default_seed3/o2o_final_scene_fql_final1m_r1p0_default_seed3/sd003_20260707_175615/train.csv,/root/autodl-tmp/sb-value-flows-runs/offline2online_single4090/exp/o2o_final_scene_fql_final1m_r1p0_default_seed3/o2o_final_scene_fql_final1m_r1p0_default_seed3/sd003_20260707_175615/command.txt,/root/autodl-tmp/sb-value-flows-runs/offline2online_single4090/exp/o2o_pretrain_scene_fql_ckpt500k_default_seed3/o2o_pretrain_scene_fql_ckpt500k_default_seed3/sd003_20260707_173110,True,final,
scene,scene task4,scene-play-singletask-task4-v0,ours,Ours,final1m_r1p0_lam1e-3_tau0p3,2,1000000,1000000,completed_1m,0.0,0.0,0,0.0,/root/autodl-tmp/sb-value-flows-runs/offline2online_single4090/exp/o2o_final_scene_ours_final1m_r1p0_lam1e-3_tau0p3_seed2/o2o_final_scene_ours_final1m_r1p0_lam1e-3_tau0p3_seed2/sd002_20260704_185852,/root/autodl-tmp/sb-value-flows-runs/offline2online_single4090/exp/o2o_final_scene_ours_final1m_r1p0_lam1e-3_tau0p3_seed2/o2o_final_scene_ours_final1m_r1p0_lam1e-3_tau0p3_seed2/sd002_20260704_185852/eval.csv,/root/autodl-tmp/sb-value-flows-runs/offline2online_single4090/exp/o2o_final_scene_ours_final1m_r1p0_lam1e-3_tau0p3_seed2/o2o_final_scene_ours_final1m_r1p0_lam1e-3_tau0p3_seed2/sd002_20260704_185852/train.csv,/root/autodl-tmp/sb-value-flows-runs/offline2online_single4090/exp/o2o_final_scene_ours_final1m_r1p0_lam1e-3_tau0p3_seed2/o2o_final_scene_ours_final1m_r1p0_lam1e-3_tau0p3_seed2/sd002_20260704_185852/command.txt,/root/autodl-tmp/sb-value-flows-runs/offline2online_single4090/exp/o2o_pretrain_scene_ours_ckpt500k_lam1e-3_tau0p3_seed2/o2o_pretrain_scene_ours_ckpt500k_lam1e-3_tau0p3_seed2/sd002_20260703_103343,True,final,
scene,scene task4,scene-play-singletask-task4-v0,ours,Ours,final1m_r1p0_lam1e-3_tau0p3,3,1000000,1000000,completed_1m,0.0,0.0,0,0.0,/root/autodl-tmp/sb-value-flows-runs/offline2online_single4090/exp/o2o_final_scene_ours_final1m_r1p0_lam1e-3_tau0p3_seed3/o2o_final_scene_ours_final1m_r1p0_lam1e-3_tau0p3_seed3/sd003_20260706_135004,/root/autodl-tmp/sb-value-flows-runs/offline2online_single4090/exp/o2o_final_scene_ours_final1m_r1p0_lam1e-3_tau0p3_seed3/o2o_final_scene_ours_final1m_r1p0_lam1e-3_tau0p3_seed3/sd003_20260706_135004/eval.csv,/root/autodl-tmp/sb-value-flows-runs/offline2online_single4090/exp/o2o_final_scene_ours_final1m_r1p0_lam1e-3_tau0p3_seed3/o2o_final_scene_ours_final1m_r1p0_lam1e-3_tau0p3_seed3/sd003_20260706_135004/train.csv,/root/autodl-tmp/sb-value-flows-runs/offline2online_single4090/exp/o2o_final_scene_ours_final1m_r1p0_lam1e-3_tau0p3_seed3/o2o_final_scene_ours_final1m_r1p0_lam1e-3_tau0p3_seed3/sd003_20260706_135004/command.txt,/root/autodl-tmp/sb-value-flows-runs/offline2online_single4090/exp/o2o_pretrain_scene_ours_ckpt500k_lam1e-3_tau0p3_seed3/o2o_pretrain_scene_ours_ckpt500k_lam1e-3_tau0p3_seed3/sd003_20260706_114459,True,final,
scene,scene task4,scene-play-singletask-task4-v0,value_flows,Value Flows,final1m_r1p0_default,2,1000000,1000000,completed_1m,0.0,0.0,0,0.0,/root/autodl-tmp/sb-value-flows-runs/offline2online_single4090/exp/o2o_final_scene_value_flows_final1m_r1p0_default_seed2/o2o_final_scene_value_flows_final1m_r1p0_default_seed2/sd002_20260705_092910,/root/autodl-tmp/sb-value-flows-runs/offline2online_single4090/exp/o2o_final_scene_value_flows_final1m_r1p0_default_seed2/o2o_final_scene_value_flows_final1m_r1p0_default_seed2/sd002_20260705_092910/eval.csv,/root/autodl-tmp/sb-value-flows-runs/offline2online_single4090/exp/o2o_final_scene_value_flows_final1m_r1p0_default_seed2/o2o_final_scene_value_flows_final1m_r1p0_default_seed2/sd002_20260705_092910/train.csv,/root/autodl-tmp/sb-value-flows-runs/offline2online_single4090/exp/o2o_final_scene_value_flows_final1m_r1p0_default_seed2/o2o_final_scene_value_flows_final1m_r1p0_default_seed2/sd002_20260705_092910/command.txt,/root/autodl-tmp/sb-value-flows-runs/offline2online_single4090/exp/o2o_pretrain_scene_value_flows_ckpt500k_default_seed2/o2o_pretrain_scene_value_flows_ckpt500k_default_seed2/sd002_20260703_225416,True,final,
scene,scene task4,scene-play-singletask-task4-v0,value_flows,Value Flows,final1m_r1p0_default,3,1000000,1000000,completed_1m,0.0,0.0,0,0.0,/root/autodl-tmp/sb-value-flows-runs/offline2online_single4090/exp/o2o_final_scene_value_flows_final1m_r1p0_default_seed3/o2o_final_scene_value_flows_final1m_r1p0_default_seed3/sd003_20260707_083040,/root/autodl-tmp/sb-value-flows-runs/offline2online_single4090/exp/o2o_final_scene_value_flows_final1m_r1p0_default_seed3/o2o_final_scene_value_flows_final1m_r1p0_default_seed3/sd003_20260707_083040/eval.csv,/root/autodl-tmp/sb-value-flows-runs/offline2online_single4090/exp/o2o_final_scene_value_flows_final1m_r1p0_default_seed3/o2o_final_scene_value_flows_final1m_r1p0_default_seed3/sd003_20260707_083040/train.csv,/root/autodl-tmp/sb-value-flows-runs/offline2online_single4090/exp/o2o_final_scene_value_flows_final1m_r1p0_default_seed3/o2o_final_scene_value_flows_final1m_r1p0_default_seed3/sd003_20260707_083040/command.txt,/root/autodl-tmp/sb-value-flows-runs/offline2online_single4090/exp/o2o_pretrain_scene_value_flows_ckpt500k_default_seed3/o2o_pretrain_scene_value_flows_ckpt500k_default_seed3/sd003_20260707_071034,True,final,
cube-double,cube-double task4,cube-double-play-singletask-task4-v0,fql,FQL,ckpt500k_default,2,0,500000,completed_pretrain,0.0,0.0,1,0.0,/root/autodl-tmp/sb-value-flows-runs/offline2online_single4090/exp/o2o_pretrain_cube-double_fql_ckpt500k_default_seed2/o2o_pretrain_cube-double_fql_ckpt500k_default_seed2/sd002_20260704_024633,/root/autodl-tmp/sb-value-flows-runs/offline2online_single4090/exp/o2o_pretrain_cube-double_fql_ckpt500k_default_seed2/o2o_pretrain_cube-double_fql_ckpt500k_default_seed2/sd002_20260704_024633/eval.csv,/root/autodl-tmp/sb-value-flows-runs/offline2online_single4090/exp/o2o_pretrain_cube-double_fql_ckpt500k_default_seed2/o2o_pretrain_cube-double_fql_ckpt500k_default_seed2/sd002_20260704_024633/train.csv,/root/autodl-tmp/sb-value-flows-runs/offline2online_single4090/exp/o2o_pretrain_cube-double_fql_ckpt500k_default_seed2/o2o_pretrain_cube-double_fql_ckpt500k_default_seed2/sd002_20260704_024633/command.txt,,False,pretrain,
cube-double,cube-double task4,cube-double-play-singletask-task4-v0,fql,FQL,ckpt500k_default,3,0,500000,completed_pretrain,0.0,0.0,1,0.0,/root/autodl-tmp/sb-value-flows-runs/offline2online_single4090/exp/o2o_pretrain_cube-double_fql_ckpt500k_default_seed3/o2o_pretrain_cube-double_fql_ckpt500k_default_seed3/sd003_20260707_125546,/root/autodl-tmp/sb-value-flows-runs/offline2online_single4090/exp/o2o_pretrain_cube-double_fql_ckpt500k_default_seed3/o2o_pretrain_cube-double_fql_ckpt500k_default_seed3/sd003_20260707_125546/eval.csv,/root/autodl-tmp/sb-value-flows-runs/offline2online_single4090/exp/o2o_pretrain_cube-double_fql_ckpt500k_default_seed3/o2o_pretrain_cube-double_fql_ckpt500k_default_seed3/sd003_20260707_125546/train.csv,/root/autodl-tmp/sb-value-flows-runs/offline2online_single4090/exp/o2o_pretrain_cube-double_fql_ckpt500k_default_seed3/o2o_pretrain_cube-double_fql_ckpt500k_default_seed3/sd003_20260707_125546/command.txt,,False,pretrain,
cube-double,cube-double task4,cube-double-play-singletask-task4-v0,ours,Ours,ckpt500k_lam1e-3_tau0p3,2,0,500000,completed_pretrain,0.3,0.3,400000,0.0,/root/autodl-tmp/sb-value-flows-runs/offline2online_single4090/exp/o2o_pretrain_cube-double_ours_ckpt500k_lam1e-3_tau0p3_seed2/o2o_pretrain_cube-double_ours_ckpt500k_lam1e-3_tau0p3_seed2/sd002_20260703_000526,/root/autodl-tmp/sb-value-flows-runs/offline2online_single4090/exp/o2o_pretrain_cube-double_ours_ckpt500k_lam1e-3_tau0p3_seed2/o2o_pretrain_cube-double_ours_ckpt500k_lam1e-3_tau0p3_seed2/sd002_20260703_000526/eval.csv,/root/autodl-tmp/sb-value-flows-runs/offline2online_single4090/exp/o2o_pretrain_cube-double_ours_ckpt500k_lam1e-3_tau0p3_seed2/o2o_pretrain_cube-double_ours_ckpt500k_lam1e-3_tau0p3_seed2/sd002_20260703_000526/train.csv,/root/autodl-tmp/sb-value-flows-runs/offline2online_single4090/exp/o2o_pretrain_cube-double_ours_ckpt500k_lam1e-3_tau0p3_seed2/o2o_pretrain_cube-double_ours_ckpt500k_lam1e-3_tau0p3_seed2/sd002_20260703_000526/command.txt,,False,pretrain,
cube-double,cube-double task4,cube-double-play-singletask-task4-v0,ours,Ours,ckpt500k_lam1e-3_tau0p3,3,0,500000,completed_pretrain,0.3,0.4,450000,-0.10000000000000003,/root/autodl-tmp/sb-value-flows-runs/offline2online_single4090/exp/o2o_pretrain_cube-double_ours_ckpt500k_lam1e-3_tau0p3_seed3/o2o_pretrain_cube-double_ours_ckpt500k_lam1e-3_tau0p3_seed3/sd003_20260705_192934,/root/autodl-tmp/sb-value-flows-runs/offline2online_single4090/exp/o2o_pretrain_cube-double_ours_ckpt500k_lam1e-3_tau0p3_seed3/o2o_pretrain_cube-double_ours_ckpt500k_lam1e-3_tau0p3_seed3/sd003_20260705_192934/eval.csv,/root/autodl-tmp/sb-value-flows-runs/offline2online_single4090/exp/o2o_pretrain_cube-double_ours_ckpt500k_lam1e-3_tau0p3_seed3/o2o_pretrain_cube-double_ours_ckpt500k_lam1e-3_tau0p3_seed3/sd003_20260705_192934/train.csv,/root/autodl-tmp/sb-value-flows-runs/offline2online_single4090/exp/o2o_pretrain_cube-double_ours_ckpt500k_lam1e-3_tau0p3_seed3/o2o_pretrain_cube-double_ours_ckpt500k_lam1e-3_tau0p3_seed3/sd003_20260705_192934/command.txt,,False,pretrain,
cube-double,cube-double task4,cube-double-play-singletask-task4-v0,ours,Ours,ckpt50k,2,0,50000,completed_pretrain,0.0,0.0,1,0.0,/root/autodl-tmp/sb-value-flows-runs/offline2online_single4090/exp/o2o_pretrain_cube-double_ours_ckpt50k_seed2/o2o_pretrain_cube-double_ours_ckpt50k_seed2/sd002_20260702_233819,/root/autodl-tmp/sb-value-flows-runs/offline2online_single4090/exp/o2o_pretrain_cube-double_ours_ckpt50k_seed2/o2o_pretrain_cube-double_ours_ckpt50k_seed2/sd002_20260702_233819/eval.csv,/root/autodl-tmp/sb-value-flows-runs/offline2online_single4090/exp/o2o_pretrain_cube-double_ours_ckpt50k_seed2/o2o_pretrain_cube-double_ours_ckpt50k_seed2/sd002_20260702_233819/train.csv,/root/autodl-tmp/sb-value-flows-runs/offline2online_single4090/exp/o2o_pretrain_cube-double_ours_ckpt50k_seed2/o2o_pretrain_cube-double_ours_ckpt50k_seed2/sd002_20260702_233819/command.txt,,False,pretrain,
cube-double,cube-double task4,cube-double-play-singletask-task4-v0,value_flows,Value Flows,ckpt500k_default,2,0,500000,completed_pretrain,0.1,0.1,450000,0.0,/root/autodl-tmp/sb-value-flows-runs/offline2online_single4090/exp/o2o_pretrain_cube-double_value_flows_ckpt500k_default_seed2/o2o_pretrain_cube-double_value_flows_ckpt500k_default_seed2/sd002_20260703_154854,/root/autodl-tmp/sb-value-flows-runs/offline2online_single4090/exp/o2o_pretrain_cube-double_value_flows_ckpt500k_default_seed2/o2o_pretrain_cube-double_value_flows_ckpt500k_default_seed2/sd002_20260703_154854/eval.csv,/root/autodl-tmp/sb-value-flows-runs/offline2online_single4090/exp/o2o_pretrain_cube-double_value_flows_ckpt500k_default_seed2/o2o_pretrain_cube-double_value_flows_ckpt500k_default_seed2/sd002_20260703_154854/train.csv,/root/autodl-tmp/sb-value-flows-runs/offline2online_single4090/exp/o2o_pretrain_cube-double_value_flows_ckpt500k_default_seed2/o2o_pretrain_cube-double_value_flows_ckpt500k_default_seed2/sd002_20260703_154854/command.txt,,False,pretrain,
cube-double,cube-double task4,cube-double-play-singletask-task4-v0,value_flows,Value Flows,ckpt500k_default,3,0,500000,completed_pretrain,0.2,0.2,500000,0.0,/root/autodl-tmp/sb-value-flows-runs/offline2online_single4090/exp/o2o_pretrain_cube-double_value_flows_ckpt500k_default_seed3/o2o_pretrain_cube-double_value_flows_ckpt500k_default_seed3/sd003_20260706_201510,/root/autodl-tmp/sb-value-flows-runs/offline2online_single4090/exp/o2o_pretrain_cube-double_value_flows_ckpt500k_default_seed3/o2o_pretrain_cube-double_value_flows_ckpt500k_default_seed3/sd003_20260706_201510/eval.csv,/root/autodl-tmp/sb-value-flows-runs/offline2online_single4090/exp/o2o_pretrain_cube-double_value_flows_ckpt500k_default_seed3/o2o_pretrain_cube-double_value_flows_ckpt500k_default_seed3/sd003_20260706_201510/train.csv,/root/autodl-tmp/sb-value-flows-runs/offline2online_single4090/exp/o2o_pretrain_cube-double_value_flows_ckpt500k_default_seed3/o2o_pretrain_cube-double_value_flows_ckpt500k_default_seed3/sd003_20260706_201510/command.txt,,False,pretrain,
puzzle-4x4,puzzle-4x4 task3,puzzle-4x4-play-singletask-task3-v0,fql,FQL,ckpt500k_default,2,0,500000,completed_pretrain,0.0,0.0,1,0.0,/root/autodl-tmp/sb-value-flows-runs/offline2online_single4090/exp/o2o_pretrain_puzzle-4x4_fql_ckpt500k_default_seed2/o2o_pretrain_puzzle-4x4_fql_ckpt500k_default_seed2/sd002_20260704_035144,/root/autodl-tmp/sb-value-flows-runs/offline2online_single4090/exp/o2o_pretrain_puzzle-4x4_fql_ckpt500k_default_seed2/o2o_pretrain_puzzle-4x4_fql_ckpt500k_default_seed2/sd002_20260704_035144/eval.csv,/root/autodl-tmp/sb-value-flows-runs/offline2online_single4090/exp/o2o_pretrain_puzzle-4x4_fql_ckpt500k_default_seed2/o2o_pretrain_puzzle-4x4_fql_ckpt500k_default_seed2/sd002_20260704_035144/train.csv,/root/autodl-tmp/sb-value-flows-runs/offline2online_single4090/exp/o2o_pretrain_puzzle-4x4_fql_ckpt500k_default_seed2/o2o_pretrain_puzzle-4x4_fql_ckpt500k_default_seed2/sd002_20260704_035144/command.txt,,False,pretrain,
puzzle-4x4,puzzle-4x4 task3,puzzle-4x4-play-singletask-task3-v0,fql,FQL,ckpt500k_default,3,0,500000,completed_pretrain,0.0,0.0,1,0.0,/root/autodl-tmp/sb-value-flows-runs/offline2online_single4090/exp/o2o_pretrain_puzzle-4x4_fql_ckpt500k_default_seed3/o2o_pretrain_puzzle-4x4_fql_ckpt500k_default_seed3/sd003_20260707_144557,/root/autodl-tmp/sb-value-flows-runs/offline2online_single4090/exp/o2o_pretrain_puzzle-4x4_fql_ckpt500k_default_seed3/o2o_pretrain_puzzle-4x4_fql_ckpt500k_default_seed3/sd003_20260707_144557/eval.csv,/root/autodl-tmp/sb-value-flows-runs/offline2online_single4090/exp/o2o_pretrain_puzzle-4x4_fql_ckpt500k_default_seed3/o2o_pretrain_puzzle-4x4_fql_ckpt500k_default_seed3/sd003_20260707_144557/train.csv,/root/autodl-tmp/sb-value-flows-runs/offline2online_single4090/exp/o2o_pretrain_puzzle-4x4_fql_ckpt500k_default_seed3/o2o_pretrain_puzzle-4x4_fql_ckpt500k_default_seed3/sd003_20260707_144557/command.txt,,False,pretrain,
puzzle-4x4,puzzle-4x4 task3,puzzle-4x4-play-singletask-task3-v0,ours,Ours,ckpt500k_lam1e-3_tau0p3,2,0,500000,completed_pretrain,0.4,0.5,200000,-0.09999999999999998,/root/autodl-tmp/sb-value-flows-runs/offline2online_single4090/exp/o2o_pretrain_puzzle-4x4_ours_ckpt500k_lam1e-3_tau0p3_seed2/o2o_pretrain_puzzle-4x4_ours_ckpt500k_lam1e-3_tau0p3_seed2/sd002_20260703_051144,/root/autodl-tmp/sb-value-flows-runs/offline2online_single4090/exp/o2o_pretrain_puzzle-4x4_ours_ckpt500k_lam1e-3_tau0p3_seed2/o2o_pretrain_puzzle-4x4_ours_ckpt500k_lam1e-3_tau0p3_seed2/sd002_20260703_051144/eval.csv,/root/autodl-tmp/sb-value-flows-runs/offline2online_single4090/exp/o2o_pretrain_puzzle-4x4_ours_ckpt500k_lam1e-3_tau0p3_seed2/o2o_pretrain_puzzle-4x4_ours_ckpt500k_lam1e-3_tau0p3_seed2/sd002_20260703_051144/train.csv,/root/autodl-tmp/sb-value-flows-runs/offline2online_single4090/exp/o2o_pretrain_puzzle-4x4_ours_ckpt500k_lam1e-3_tau0p3_seed2/o2o_pretrain_puzzle-4x4_ours_ckpt500k_lam1e-3_tau0p3_seed2/sd002_20260703_051144/command.txt,,False,pretrain,
puzzle-4x4,puzzle-4x4 task3,puzzle-4x4-play-singletask-task3-v0,ours,Ours,ckpt500k_lam1e-3_tau0p3,3,0,500000,completed_pretrain,0.0,0.0,1,0.0,/root/autodl-tmp/sb-value-flows-runs/offline2online_single4090/exp/o2o_pretrain_puzzle-4x4_ours_ckpt500k_lam1e-3_tau0p3_seed3/o2o_pretrain_puzzle-4x4_ours_ckpt500k_lam1e-3_tau0p3_seed3/sd003_20260706_031946,/root/autodl-tmp/sb-value-flows-runs/offline2online_single4090/exp/o2o_pretrain_puzzle-4x4_ours_ckpt500k_lam1e-3_tau0p3_seed3/o2o_pretrain_puzzle-4x4_ours_ckpt500k_lam1e-3_tau0p3_seed3/sd003_20260706_031946/eval.csv,/root/autodl-tmp/sb-value-flows-runs/offline2online_single4090/exp/o2o_pretrain_puzzle-4x4_ours_ckpt500k_lam1e-3_tau0p3_seed3/o2o_pretrain_puzzle-4x4_ours_ckpt500k_lam1e-3_tau0p3_seed3/sd003_20260706_031946/train.csv,/root/autodl-tmp/sb-value-flows-runs/offline2online_single4090/exp/o2o_pretrain_puzzle-4x4_ours_ckpt500k_lam1e-3_tau0p3_seed3/o2o_pretrain_puzzle-4x4_ours_ckpt500k_lam1e-3_tau0p3_seed3/sd003_20260706_031946/command.txt,,False,pretrain,
puzzle-4x4,puzzle-4x4 task3,puzzle-4x4-play-singletask-task3-v0,value_flows,Value Flows,ckpt500k_default,2,0,500000,completed_pretrain,0.3,0.5,350000,-0.2,/root/autodl-tmp/sb-value-flows-runs/offline2online_single4090/exp/o2o_pretrain_puzzle-4x4_value_flows_ckpt500k_default_seed2/o2o_pretrain_puzzle-4x4_value_flows_ckpt500k_default_seed2/sd002_20260703_190906,/root/autodl-tmp/sb-value-flows-runs/offline2online_single4090/exp/o2o_pretrain_puzzle-4x4_value_flows_ckpt500k_default_seed2/o2o_pretrain_puzzle-4x4_value_flows_ckpt500k_default_seed2/sd002_20260703_190906/eval.csv,/root/autodl-tmp/sb-value-flows-runs/offline2online_single4090/exp/o2o_pretrain_puzzle-4x4_value_flows_ckpt500k_default_seed2/o2o_pretrain_puzzle-4x4_value_flows_ckpt500k_default_seed2/sd002_20260703_190906/train.csv,/root/autodl-tmp/sb-value-flows-runs/offline2online_single4090/exp/o2o_pretrain_puzzle-4x4_value_flows_ckpt500k_default_seed2/o2o_pretrain_puzzle-4x4_value_flows_ckpt500k_default_seed2/sd002_20260703_190906/command.txt,,False,pretrain,
puzzle-4x4,puzzle-4x4 task3,puzzle-4x4-play-singletask-task3-v0,value_flows,Value Flows,ckpt500k_default,3,0,500000,completed_pretrain,0.5,0.5,500000,0.0,/root/autodl-tmp/sb-value-flows-runs/offline2online_single4090/exp/o2o_pretrain_puzzle-4x4_value_flows_ckpt500k_default_seed3/o2o_pretrain_puzzle-4x4_value_flows_ckpt500k_default_seed3/sd003_20260707_013022,/root/autodl-tmp/sb-value-flows-runs/offline2online_single4090/exp/o2o_pretrain_puzzle-4x4_value_flows_ckpt500k_default_seed3/o2o_pretrain_puzzle-4x4_value_flows_ckpt500k_default_seed3/sd003_20260707_013022/eval.csv,/root/autodl-tmp/sb-value-flows-runs/offline2online_single4090/exp/o2o_pretrain_puzzle-4x4_value_flows_ckpt500k_default_seed3/o2o_pretrain_puzzle-4x4_value_flows_ckpt500k_default_seed3/sd003_20260707_013022/train.csv,/root/autodl-tmp/sb-value-flows-runs/offline2online_single4090/exp/o2o_pretrain_puzzle-4x4_value_flows_ckpt500k_default_seed3/o2o_pretrain_puzzle-4x4_value_flows_ckpt500k_default_seed3/sd003_20260707_013022/command.txt,,False,pretrain,
scene,scene task4,scene-play-singletask-task4-v0,fql,FQL,ckpt500k_default,2,0,500000,completed_pretrain,0.0,0.0,1,0.0,/root/autodl-tmp/sb-value-flows-runs/offline2online_single4090/exp/o2o_pretrain_scene_fql_ckpt500k_default_seed2/o2o_pretrain_scene_fql_ckpt500k_default_seed2/sd002_20260704_051654,/root/autodl-tmp/sb-value-flows-runs/offline2online_single4090/exp/o2o_pretrain_scene_fql_ckpt500k_default_seed2/o2o_pretrain_scene_fql_ckpt500k_default_seed2/sd002_20260704_051654/eval.csv,/root/autodl-tmp/sb-value-flows-runs/offline2online_single4090/exp/o2o_pretrain_scene_fql_ckpt500k_default_seed2/o2o_pretrain_scene_fql_ckpt500k_default_seed2/sd002_20260704_051654/train.csv,/root/autodl-tmp/sb-value-flows-runs/offline2online_single4090/exp/o2o_pretrain_scene_fql_ckpt500k_default_seed2/o2o_pretrain_scene_fql_ckpt500k_default_seed2/sd002_20260704_051654/command.txt,,False,pretrain,
scene,scene task4,scene-play-singletask-task4-v0,fql,FQL,ckpt500k_default,3,0,500000,completed_pretrain,0.0,0.0,1,0.0,/root/autodl-tmp/sb-value-flows-runs/offline2online_single4090/exp/o2o_pretrain_scene_fql_ckpt500k_default_seed3/o2o_pretrain_scene_fql_ckpt500k_default_seed3/sd003_20260707_173110,/root/autodl-tmp/sb-value-flows-runs/offline2online_single4090/exp/o2o_pretrain_scene_fql_ckpt500k_default_seed3/o2o_pretrain_scene_fql_ckpt500k_default_seed3/sd003_20260707_173110/eval.csv,/root/autodl-tmp/sb-value-flows-runs/offline2online_single4090/exp/o2o_pretrain_scene_fql_ckpt500k_default_seed3/o2o_pretrain_scene_fql_ckpt500k_default_seed3/sd003_20260707_173110/train.csv,/root/autodl-tmp/sb-value-flows-runs/offline2online_single4090/exp/o2o_pretrain_scene_fql_ckpt500k_default_seed3/o2o_pretrain_scene_fql_ckpt500k_default_seed3/sd003_20260707_173110/command.txt,,False,pretrain,
scene,scene task4,scene-play-singletask-task4-v0,ours,Ours,ckpt500k_lam1e-3_tau0p3,2,0,500000,completed_pretrain,0.5,1.0,250000,-0.5,/root/autodl-tmp/sb-value-flows-runs/offline2online_single4090/exp/o2o_pretrain_scene_ours_ckpt500k_lam1e-3_tau0p3_seed2/o2o_pretrain_scene_ours_ckpt500k_lam1e-3_tau0p3_seed2/sd002_20260703_103343,/root/autodl-tmp/sb-value-flows-runs/offline2online_single4090/exp/o2o_pretrain_scene_ours_ckpt500k_lam1e-3_tau0p3_seed2/o2o_pretrain_scene_ours_ckpt500k_lam1e-3_tau0p3_seed2/sd002_20260703_103343/eval.csv,/root/autodl-tmp/sb-value-flows-runs/offline2online_single4090/exp/o2o_pretrain_scene_ours_ckpt500k_lam1e-3_tau0p3_seed2/o2o_pretrain_scene_ours_ckpt500k_lam1e-3_tau0p3_seed2/sd002_20260703_103343/train.csv,/root/autodl-tmp/sb-value-flows-runs/offline2online_single4090/exp/o2o_pretrain_scene_ours_ckpt500k_lam1e-3_tau0p3_seed2/o2o_pretrain_scene_ours_ckpt500k_lam1e-3_tau0p3_seed2/sd002_20260703_103343/command.txt,,False,pretrain,
scene,scene task4,scene-play-singletask-task4-v0,ours,Ours,ckpt500k_lam1e-3_tau0p3,3,0,500000,completed_pretrain,0.0,0.5,50000,-0.5,/root/autodl-tmp/sb-value-flows-runs/offline2online_single4090/exp/o2o_pretrain_scene_ours_ckpt500k_lam1e-3_tau0p3_seed3/o2o_pretrain_scene_ours_ckpt500k_lam1e-3_tau0p3_seed3/sd003_20260706_114459,/root/autodl-tmp/sb-value-flows-runs/offline2online_single4090/exp/o2o_pretrain_scene_ours_ckpt500k_lam1e-3_tau0p3_seed3/o2o_pretrain_scene_ours_ckpt500k_lam1e-3_tau0p3_seed3/sd003_20260706_114459/eval.csv,/root/autodl-tmp/sb-value-flows-runs/offline2online_single4090/exp/o2o_pretrain_scene_ours_ckpt500k_lam1e-3_tau0p3_seed3/o2o_pretrain_scene_ours_ckpt500k_lam1e-3_tau0p3_seed3/sd003_20260706_114459/train.csv,/root/autodl-tmp/sb-value-flows-runs/offline2online_single4090/exp/o2o_pretrain_scene_ours_ckpt500k_lam1e-3_tau0p3_seed3/o2o_pretrain_scene_ours_ckpt500k_lam1e-3_tau0p3_seed3/sd003_20260706_114459/command.txt,,False,pretrain,
scene,scene task4,scene-play-singletask-task4-v0,value_flows,Value Flows,ckpt500k_default,2,0,500000,completed_pretrain,0.1,0.3,200000,-0.19999999999999998,/root/autodl-tmp/sb-value-flows-runs/offline2online_single4090/exp/o2o_pretrain_scene_value_flows_ckpt500k_default_seed2/o2o_pretrain_scene_value_flows_ckpt500k_default_seed2/sd002_20260703_225416,/root/autodl-tmp/sb-value-flows-runs/offline2online_single4090/exp/o2o_pretrain_scene_value_flows_ckpt500k_default_seed2/o2o_pretrain_scene_value_flows_ckpt500k_default_seed2/sd002_20260703_225416/eval.csv,/root/autodl-tmp/sb-value-flows-runs/offline2online_single4090/exp/o2o_pretrain_scene_value_flows_ckpt500k_default_seed2/o2o_pretrain_scene_value_flows_ckpt500k_default_seed2/sd002_20260703_225416/train.csv,/root/autodl-tmp/sb-value-flows-runs/offline2online_single4090/exp/o2o_pretrain_scene_value_flows_ckpt500k_default_seed2/o2o_pretrain_scene_value_flows_ckpt500k_default_seed2/sd002_20260703_225416/command.txt,,False,pretrain,
scene,scene task4,scene-play-singletask-task4-v0,value_flows,Value Flows,ckpt500k_default,3,0,500000,completed_pretrain,0.0,0.1,150000,-0.1,/root/autodl-tmp/sb-value-flows-runs/offline2online_single4090/exp/o2o_pretrain_scene_value_flows_ckpt500k_default_seed3/o2o_pretrain_scene_value_flows_ckpt500k_default_seed3/sd003_20260707_071034,/root/autodl-tmp/sb-value-flows-runs/offline2online_single4090/exp/o2o_pretrain_scene_value_flows_ckpt500k_default_seed3/o2o_pretrain_scene_value_flows_ckpt500k_default_seed3/sd003_20260707_071034/eval.csv,/root/autodl-tmp/sb-value-flows-runs/offline2online_single4090/exp/o2o_pretrain_scene_value_flows_ckpt500k_default_seed3/o2o_pretrain_scene_value_flows_ckpt500k_default_seed3/sd003_20260707_071034/train.csv,/root/autodl-tmp/sb-value-flows-runs/offline2online_single4090/exp/o2o_pretrain_scene_value_flows_ckpt500k_default_seed3/o2o_pretrain_scene_value_flows_ckpt500k_default_seed3/sd003_20260707_071034/command.txt,,False,pretrain,
cube-double,cube-double task4,cube-double-play-singletask-task4-v0,fql,FQL,restored500k_r1p0_default,2,500000,500000,completed,0.0,0.0,0,0.0,/root/autodl-tmp/sb-value-flows-runs/offline2online_single4090/exp/o2o_screen_cube-double_fql_restored500k_r1p0_default_seed2/o2o_screen_cube-double_fql_restored500k_r1p0_default_seed2/sd002_20260704_030638,/root/autodl-tmp/sb-value-flows-runs/offline2online_single4090/exp/o2o_screen_cube-double_fql_restored500k_r1p0_default_seed2/o2o_screen_cube-double_fql_restored500k_r1p0_default_seed2/sd002_20260704_030638/eval.csv,/root/autodl-tmp/sb-value-flows-runs/offline2online_single4090/exp/o2o_screen_cube-double_fql_restored500k_r1p0_default_seed2/o2o_screen_cube-double_fql_restored500k_r1p0_default_seed2/sd002_20260704_030638/train.csv,/root/autodl-tmp/sb-value-flows-runs/offline2online_single4090/exp/o2o_screen_cube-double_fql_restored500k_r1p0_default_seed2/o2o_screen_cube-double_fql_restored500k_r1p0_default_seed2/sd002_20260704_030638/command.txt,/root/autodl-tmp/sb-value-flows-runs/offline2online_single4090/exp/o2o_pretrain_cube-double_fql_ckpt500k_default_seed2/o2o_pretrain_cube-double_fql_ckpt500k_default_seed2/sd002_20260704_024633,False,screening,
cube-double,cube-double task4,cube-double-play-singletask-task4-v0,ours,Ours,restored500k_r1p0_lam1e-3_tau0p3,2,500000,500000,completed,0.0,0.0,0,0.0,/root/autodl-tmp/sb-value-flows-runs/offline2online_single4090/exp/o2o_screen_cube-double_ours_restored500k_r1p0_lam1e-3_tau0p3_seed2/o2o_screen_cube-double_ours_restored500k_r1p0_lam1e-3_tau0p3_seed2/sd002_20260703_020942,/root/autodl-tmp/sb-value-flows-runs/offline2online_single4090/exp/o2o_screen_cube-double_ours_restored500k_r1p0_lam1e-3_tau0p3_seed2/o2o_screen_cube-double_ours_restored500k_r1p0_lam1e-3_tau0p3_seed2/sd002_20260703_020942/eval.csv,/root/autodl-tmp/sb-value-flows-runs/offline2online_single4090/exp/o2o_screen_cube-double_ours_restored500k_r1p0_lam1e-3_tau0p3_seed2/o2o_screen_cube-double_ours_restored500k_r1p0_lam1e-3_tau0p3_seed2/sd002_20260703_020942/train.csv,/root/autodl-tmp/sb-value-flows-runs/offline2online_single4090/exp/o2o_screen_cube-double_ours_restored500k_r1p0_lam1e-3_tau0p3_seed2/o2o_screen_cube-double_ours_restored500k_r1p0_lam1e-3_tau0p3_seed2/sd002_20260703_020942/command.txt,/root/autodl-tmp/sb-value-flows-runs/offline2online_single4090/exp/o2o_pretrain_cube-double_ours_ckpt500k_lam1e-3_tau0p3_seed2/o2o_pretrain_cube-double_ours_ckpt500k_lam1e-3_tau0p3_seed2/sd002_20260703_000526,False,screening,
cube-double,cube-double task4,cube-double-play-singletask-task4-v0,value_flows,Value Flows,restored500k_r1p0_default,2,500000,500000,completed,0.0,0.0,0,0.0,/root/autodl-tmp/sb-value-flows-runs/offline2online_single4090/exp/o2o_screen_cube-double_value_flows_restored500k_r1p0_default_seed2/o2o_screen_cube-double_value_flows_restored500k_r1p0_default_seed2/sd002_20260703_170900,/root/autodl-tmp/sb-value-flows-runs/offline2online_single4090/exp/o2o_screen_cube-double_value_flows_restored500k_r1p0_default_seed2/o2o_screen_cube-double_value_flows_restored500k_r1p0_default_seed2/sd002_20260703_170900/eval.csv,/root/autodl-tmp/sb-value-flows-runs/offline2online_single4090/exp/o2o_screen_cube-double_value_flows_restored500k_r1p0_default_seed2/o2o_screen_cube-double_value_flows_restored500k_r1p0_default_seed2/sd002_20260703_170900/train.csv,/root/autodl-tmp/sb-value-flows-runs/offline2online_single4090/exp/o2o_screen_cube-double_value_flows_restored500k_r1p0_default_seed2/o2o_screen_cube-double_value_flows_restored500k_r1p0_default_seed2/sd002_20260703_170900/command.txt,/root/autodl-tmp/sb-value-flows-runs/offline2online_single4090/exp/o2o_pretrain_cube-double_value_flows_ckpt500k_default_seed2/o2o_pretrain_cube-double_value_flows_ckpt500k_default_seed2/sd002_20260703_154854,False,screening,
puzzle-4x4,puzzle-4x4 task3,puzzle-4x4-play-singletask-task3-v0,fql,FQL,restored500k_r1p0_default,2,500000,500000,completed,1.0,1.0,100000,0.0,/root/autodl-tmp/sb-value-flows-runs/offline2online_single4090/exp/o2o_screen_puzzle-4x4_fql_restored500k_r1p0_default_seed2/o2o_screen_puzzle-4x4_fql_restored500k_r1p0_default_seed2/sd002_20260704_041650,/root/autodl-tmp/sb-value-flows-runs/offline2online_single4090/exp/o2o_screen_puzzle-4x4_fql_restored500k_r1p0_default_seed2/o2o_screen_puzzle-4x4_fql_restored500k_r1p0_default_seed2/sd002_20260704_041650/eval.csv,/root/autodl-tmp/sb-value-flows-runs/offline2online_single4090/exp/o2o_screen_puzzle-4x4_fql_restored500k_r1p0_default_seed2/o2o_screen_puzzle-4x4_fql_restored500k_r1p0_default_seed2/sd002_20260704_041650/train.csv,/root/autodl-tmp/sb-value-flows-runs/offline2online_single4090/exp/o2o_screen_puzzle-4x4_fql_restored500k_r1p0_default_seed2/o2o_screen_puzzle-4x4_fql_restored500k_r1p0_default_seed2/sd002_20260704_041650/command.txt,/root/autodl-tmp/sb-value-flows-runs/offline2online_single4090/exp/o2o_pretrain_puzzle-4x4_fql_ckpt500k_default_seed2/o2o_pretrain_puzzle-4x4_fql_ckpt500k_default_seed2/sd002_20260704_035144,False,screening,
puzzle-4x4,puzzle-4x4 task3,puzzle-4x4-play-singletask-task3-v0,ours,Ours,restored500k_r1p0_lam1e-3_tau0p3,2,500000,500000,completed,0.0,0.0,0,0.0,/root/autodl-tmp/sb-value-flows-runs/offline2online_single4090/exp/o2o_screen_puzzle-4x4_ours_restored500k_r1p0_lam1e-3_tau0p3_seed2/o2o_screen_puzzle-4x4_ours_restored500k_r1p0_lam1e-3_tau0p3_seed2/sd002_20260703_071836,/root/autodl-tmp/sb-value-flows-runs/offline2online_single4090/exp/o2o_screen_puzzle-4x4_ours_restored500k_r1p0_lam1e-3_tau0p3_seed2/o2o_screen_puzzle-4x4_ours_restored500k_r1p0_lam1e-3_tau0p3_seed2/sd002_20260703_071836/eval.csv,/root/autodl-tmp/sb-value-flows-runs/offline2online_single4090/exp/o2o_screen_puzzle-4x4_ours_restored500k_r1p0_lam1e-3_tau0p3_seed2/o2o_screen_puzzle-4x4_ours_restored500k_r1p0_lam1e-3_tau0p3_seed2/sd002_20260703_071836/train.csv,/root/autodl-tmp/sb-value-flows-runs/offline2online_single4090/exp/o2o_screen_puzzle-4x4_ours_restored500k_r1p0_lam1e-3_tau0p3_seed2/o2o_screen_puzzle-4x4_ours_restored500k_r1p0_lam1e-3_tau0p3_seed2/sd002_20260703_071836/command.txt,/root/autodl-tmp/sb-value-flows-runs/offline2online_single4090/exp/o2o_pretrain_puzzle-4x4_ours_ckpt500k_lam1e-3_tau0p3_seed2/o2o_pretrain_puzzle-4x4_ours_ckpt500k_lam1e-3_tau0p3_seed2/sd002_20260703_051144,False,screening,
puzzle-4x4,puzzle-4x4 task3,puzzle-4x4-play-singletask-task3-v0,value_flows,Value Flows,restored500k_r1p0_default,2,500000,500000,completed,0.0,0.0,0,0.0,/root/autodl-tmp/sb-value-flows-runs/offline2online_single4090/exp/o2o_screen_puzzle-4x4_value_flows_restored500k_r1p0_default_seed2/o2o_screen_puzzle-4x4_value_flows_restored500k_r1p0_default_seed2/sd002_20260703_202911,/root/autodl-tmp/sb-value-flows-runs/offline2online_single4090/exp/o2o_screen_puzzle-4x4_value_flows_restored500k_r1p0_default_seed2/o2o_screen_puzzle-4x4_value_flows_restored500k_r1p0_default_seed2/sd002_20260703_202911/eval.csv,/root/autodl-tmp/sb-value-flows-runs/offline2online_single4090/exp/o2o_screen_puzzle-4x4_value_flows_restored500k_r1p0_default_seed2/o2o_screen_puzzle-4x4_value_flows_restored500k_r1p0_default_seed2/sd002_20260703_202911/train.csv,/root/autodl-tmp/sb-value-flows-runs/offline2online_single4090/exp/o2o_screen_puzzle-4x4_value_flows_restored500k_r1p0_default_seed2/o2o_screen_puzzle-4x4_value_flows_restored500k_r1p0_default_seed2/sd002_20260703_202911/command.txt,/root/autodl-tmp/sb-value-flows-runs/offline2online_single4090/exp/o2o_pretrain_puzzle-4x4_value_flows_ckpt500k_default_seed2/o2o_pretrain_puzzle-4x4_value_flows_ckpt500k_default_seed2/sd002_20260703_190906,False,screening,
scene,scene task4,scene-play-singletask-task4-v0,fql,FQL,restored500k_r1p0_default,2,500000,500000,completed,0.0,0.0,0,0.0,/root/autodl-tmp/sb-value-flows-runs/offline2online_single4090/exp/o2o_screen_scene_fql_restored500k_r1p0_default_seed2/o2o_screen_scene_fql_restored500k_r1p0_default_seed2/sd002_20260704_054201,/root/autodl-tmp/sb-value-flows-runs/offline2online_single4090/exp/o2o_screen_scene_fql_restored500k_r1p0_default_seed2/o2o_screen_scene_fql_restored500k_r1p0_default_seed2/sd002_20260704_054201/eval.csv,/root/autodl-tmp/sb-value-flows-runs/offline2online_single4090/exp/o2o_screen_scene_fql_restored500k_r1p0_default_seed2/o2o_screen_scene_fql_restored500k_r1p0_default_seed2/sd002_20260704_054201/train.csv,/root/autodl-tmp/sb-value-flows-runs/offline2online_single4090/exp/o2o_screen_scene_fql_restored500k_r1p0_default_seed2/o2o_screen_scene_fql_restored500k_r1p0_default_seed2/sd002_20260704_054201/command.txt,/root/autodl-tmp/sb-value-flows-runs/offline2online_single4090/exp/o2o_pretrain_scene_fql_ckpt500k_default_seed2/o2o_pretrain_scene_fql_ckpt500k_default_seed2/sd002_20260704_051654,False,screening,
scene,scene task4,scene-play-singletask-task4-v0,ours,Ours,restored500k_r1p0_lam1e-3_tau0p3,2,500000,500000,completed,0.0,0.0,0,0.0,/root/autodl-tmp/sb-value-flows-runs/offline2online_single4090/exp/o2o_screen_scene_ours_restored500k_r1p0_lam1e-3_tau0p3_seed2/o2o_screen_scene_ours_restored500k_r1p0_lam1e-3_tau0p3_seed2/sd002_20260703_123849,/root/autodl-tmp/sb-value-flows-runs/offline2online_single4090/exp/o2o_screen_scene_ours_restored500k_r1p0_lam1e-3_tau0p3_seed2/o2o_screen_scene_ours_restored500k_r1p0_lam1e-3_tau0p3_seed2/sd002_20260703_123849/eval.csv,/root/autodl-tmp/sb-value-flows-runs/offline2online_single4090/exp/o2o_screen_scene_ours_restored500k_r1p0_lam1e-3_tau0p3_seed2/o2o_screen_scene_ours_restored500k_r1p0_lam1e-3_tau0p3_seed2/sd002_20260703_123849/train.csv,/root/autodl-tmp/sb-value-flows-runs/offline2online_single4090/exp/o2o_screen_scene_ours_restored500k_r1p0_lam1e-3_tau0p3_seed2/o2o_screen_scene_ours_restored500k_r1p0_lam1e-3_tau0p3_seed2/sd002_20260703_123849/command.txt,/root/autodl-tmp/sb-value-flows-runs/offline2online_single4090/exp/o2o_pretrain_scene_ours_ckpt500k_lam1e-3_tau0p3_seed2/o2o_pretrain_scene_ours_ckpt500k_lam1e-3_tau0p3_seed2/sd002_20260703_103343,False,screening,
scene,scene task4,scene-play-singletask-task4-v0,value_flows,Value Flows,restored500k_r1p0_default,2,500000,500000,completed,0.0,0.0,0,0.0,/root/autodl-tmp/sb-value-flows-runs/offline2online_single4090/exp/o2o_screen_scene_value_flows_restored500k_r1p0_default_seed2/o2o_screen_scene_value_flows_restored500k_r1p0_default_seed2/sd002_20260704_001422,/root/autodl-tmp/sb-value-flows-runs/offline2online_single4090/exp/o2o_screen_scene_value_flows_restored500k_r1p0_default_seed2/o2o_screen_scene_value_flows_restored500k_r1p0_default_seed2/sd002_20260704_001422/eval.csv,/root/autodl-tmp/sb-value-flows-runs/offline2online_single4090/exp/o2o_screen_scene_value_flows_restored500k_r1p0_default_seed2/o2o_screen_scene_value_flows_restored500k_r1p0_default_seed2/sd002_20260704_001422/train.csv,/root/autodl-tmp/sb-value-flows-runs/offline2online_single4090/exp/o2o_screen_scene_value_flows_restored500k_r1p0_default_seed2/o2o_screen_scene_value_flows_restored500k_r1p0_default_seed2/sd002_20260704_001422/command.txt,/root/autodl-tmp/sb-value-flows-runs/offline2online_single4090/exp/o2o_pretrain_scene_value_flows_ckpt500k_default_seed2/o2o_pretrain_scene_value_flows_ckpt500k_default_seed2/sd002_20260703_225416,False,screening,
cube-double,cube-double task4,cube-double-play-singletask-task4-v0,ours,Ours,default,2,50000,50000,completed,0.0,0.0,0,0.0,/root/autodl-tmp/sb-value-flows-runs/offline2online_single4090/exp/o2o_smoke_cube-double_ours_default_seed2/o2o_smoke_cube-double_ours_default_seed2/sd002_20260702_231646,/root/autodl-tmp/sb-value-flows-runs/offline2online_single4090/exp/o2o_smoke_cube-double_ours_default_seed2/o2o_smoke_cube-double_ours_default_seed2/sd002_20260702_231646/eval.csv,/root/autodl-tmp/sb-value-flows-runs/offline2online_single4090/exp/o2o_smoke_cube-double_ours_default_seed2/o2o_smoke_cube-double_ours_default_seed2/sd002_20260702_231646/train.csv,/root/autodl-tmp/sb-value-flows-runs/offline2online_single4090/exp/o2o_smoke_cube-double_ours_default_seed2/o2o_smoke_cube-double_ours_default_seed2/sd002_20260702_231646/command.txt,,False,smoke,
cube-double,cube-double task4,cube-double-play-singletask-task4-v0,ours,Ours,restored1k_ckpt,2,1000,1000,completed,0.0,0.0,0,0.0,/root/autodl-tmp/sb-value-flows-runs/offline2online_single4090/exp/o2o_smoke_cube-double_ours_restored1k_ckpt_seed2/o2o_smoke_cube-double_ours_restored1k_ckpt_seed2/sd002_20260702_235622,/root/autodl-tmp/sb-value-flows-runs/offline2online_single4090/exp/o2o_smoke_cube-double_ours_restored1k_ckpt_seed2/o2o_smoke_cube-double_ours_restored1k_ckpt_seed2/sd002_20260702_235622/eval.csv,/root/autodl-tmp/sb-value-flows-runs/offline2online_single4090/exp/o2o_smoke_cube-double_ours_restored1k_ckpt_seed2/o2o_smoke_cube-double_ours_restored1k_ckpt_seed2/sd002_20260702_235622/train.csv,/root/autodl-tmp/sb-value-flows-runs/offline2online_single4090/exp/o2o_smoke_cube-double_ours_restored1k_ckpt_seed2/o2o_smoke_cube-double_ours_restored1k_ckpt_seed2/sd002_20260702_235622/command.txt,/root/autodl-tmp/sb-value-flows-runs/offline2online_single4090/exp/o2o_pretrain_cube-double_ours_ckpt50k_seed2/o2o_pretrain_cube-double_ours_ckpt50k_seed2/sd002_20260702_233819,False,smoke,
